xmin	xmax	ymin	ymax	key	showSelected2	PANEL
0.666666666666667	0.833333333333333	0	0.5	7	1	1
0.666666666666667	0.833333333333333	0	1	10	1	1
0.5	0.666666666666667	0	1	11	1	1
0.333333333333333	0.5	0	1	12	1	1
0.166666666666667	0.333333333333333	0	1	13	1	1
0	0.166666666666667	0	1	14	1	1
0.666666666666667	0.833333333333333	0	0.5	9	2	1
0.666666666666667	0.833333333333333	0	0.5	11	2	1
0.5	0.666666666666667	0	0.5	12	2	1
0.333333333333333	0.5	0	0.5	13	2	1
0.166666666666667	0.333333333333333	0	0.5	14	2	1
0	0.166666666666667	0	0.5	15	2	1
0.666666666666667	0.833333333333333	0	0.5	11	3	1
0.5	0.666666666666667	0	0.5	12	3	1
0.333333333333333	0.5	0	0.5	13	3	1
0.166666666666667	0.333333333333333	0	0.5	14	3	1
0	0.166666666666667	0	0.5	15	3	1
0.666666666666667	0.833333333333333	0	1	8	5	1
0.5	0.666666666666667	0	1	9	5	1
0.333333333333333	0.5	0	1	10	5	1
0.166666666666667	0.333333333333333	0	1	11	5	1
0	0.166666666666667	0	1	12	5	1
0.833333333333333	1	0	0.5	20	5	1
0.666666666666667	0.833333333333333	0	0.5	9	6	1
0.5	0.666666666666667	0	0.5	10	6	1
0.333333333333333	0.5	0	0.5	11	6	1
0.166666666666667	0.333333333333333	0	0.5	12	6	1
0	0.166666666666667	0	0.5	13	6	1
0.833333333333333	1	0	1	21	6	1
0.666666666666667	0.833333333333333	0	0.5	9	7	1
0.5	0.666666666666667	0	0.5	10	7	1
0.333333333333333	0.5	0	0.5	11	7	1
0.166666666666667	0.333333333333333	0	0.5	12	7	1
0	0.166666666666667	0	0.5	13	7	1
0.833333333333333	1	0	0.5	22	7	1
0.833333333333333	1	0	1	22	8	1
0.5	0.666666666666667	0	0.5	6	9	1
0.5	0.666666666666667	0	1	9	9	1
0.333333333333333	0.5	0	1	10	9	1
0.166666666666667	0.333333333333333	0	1	11	9	1
0	0.166666666666667	0	1	12	9	1
0.666666666666667	0.833333333333333	0	1	18	9	1
0.5	0.666666666666667	0	0.5	8	10	1
0.5	0.666666666666667	0	0.5	10	10	1
0.333333333333333	0.5	0	0.5	11	10	1
0.166666666666667	0.333333333333333	0	0.5	12	10	1
0	0.166666666666667	0	0.5	13	10	1
0.666666666666667	0.833333333333333	0	1	20	10	1
0.5	0.666666666666667	0	0.5	10	11	1
0.333333333333333	0.5	0	0.5	11	11	1
0.166666666666667	0.333333333333333	0	0.5	12	11	1
0	0.166666666666667	0	0.5	13	11	1
0.666666666666667	0.833333333333333	0	1	20	11	1
0.666666666666667	0.833333333333333	0	1	21	12	1
0.5	0.666666666666667	0	1	7	13	1
0.333333333333333	0.5	0	1	8	13	1
0.166666666666667	0.333333333333333	0	1	9	13	1
0	0.166666666666667	0	1	10	13	1
0.833333333333333	1	0	1	17	13	1
0.666666666666667	0.833333333333333	0	0.5	19	13	1
0.5	0.666666666666667	0	0.5	8	14	1
0.333333333333333	0.5	0	0.5	9	14	1
0.166666666666667	0.333333333333333	0	0.5	10	14	1
0	0.166666666666667	0	0.5	11	14	1
0.833333333333333	1	0	1	19	14	1
0.666666666666667	0.833333333333333	0	1	20	14	1
0.5	0.666666666666667	0	0.5	8	15	1
0.333333333333333	0.5	0	0.5	9	15	1
0.166666666666667	0.333333333333333	0	0.5	10	15	1
0	0.166666666666667	0	0.5	11	15	1
0.833333333333333	1	0	1	19	15	1
0.666666666666667	0.833333333333333	0	0.5	21	15	1
0.833333333333333	1	0	1	20	16	1
0.666666666666667	0.833333333333333	0	1	21	16	1
0.5	0.666666666666667	0	0.5	6	17	1
0.5	0.666666666666667	0	1	9	17	1
0.333333333333333	0.5	0	1	10	17	1
0.166666666666667	0.333333333333333	0	1	11	17	1
0	0.166666666666667	0	1	12	17	1
0.5	0.666666666666667	0	0.5	8	18	1
0.5	0.666666666666667	0	0.5	10	18	1
0.333333333333333	0.5	0	0.5	11	18	1
0.166666666666667	0.333333333333333	0	0.5	12	18	1
0	0.166666666666667	0	0.5	13	18	1
0.833333333333333	1	0	0.5	22	18	1
0.5	0.666666666666667	0	0.5	10	19	1
0.333333333333333	0.5	0	0.5	11	19	1
0.166666666666667	0.333333333333333	0	0.5	12	19	1
0	0.166666666666667	0	0.5	13	19	1
0.833333333333333	1	0	0.5	22	19	1
0.833333333333333	1	0	1	22	20	1
0.5	0.666666666666667	0	1	7	21	1
0.333333333333333	0.5	0	1	8	21	1
0.166666666666667	0.333333333333333	0	1	9	21	1
0	0.166666666666667	0	1	10	21	1
0.833333333333333	1	0	0.5	17	21	1
0.5	0.666666666666667	0	0.5	8	22	1
0.333333333333333	0.5	0	0.5	9	22	1
0.166666666666667	0.333333333333333	0	0.5	10	22	1
0	0.166666666666667	0	0.5	11	22	1
0.833333333333333	1	0	1	18	22	1
0.666666666666667	0.833333333333333	0	0.5	20	22	1
0.5	0.666666666666667	0	0.5	8	23	1
0.333333333333333	0.5	0	0.5	9	23	1
0.166666666666667	0.333333333333333	0	0.5	10	23	1
0	0.166666666666667	0	0.5	11	23	1
0.833333333333333	1	0	0.5	19	23	1
0.666666666666667	0.833333333333333	0	0.5	20	23	1
0.833333333333333	1	0	1	19	24	1
0.666666666666667	0.833333333333333	0	1	20	24	1
0.333333333333333	0.5	0	0.5	5	25	1
0.333333333333333	0.5	0	1	8	25	1
0.166666666666667	0.333333333333333	0	1	9	25	1
0	0.166666666666667	0	1	10	25	1
0.666666666666667	0.833333333333333	0	1	16	25	1
0.333333333333333	0.5	0	0.5	7	26	1
0.333333333333333	0.5	0	0.5	9	26	1
0.166666666666667	0.333333333333333	0	0.5	10	26	1
0	0.166666666666667	0	0.5	11	26	1
0.666666666666667	0.833333333333333	0	1	18	26	1
0.833333333333333	1	0	0.5	22	26	1
0.333333333333333	0.5	0	0.5	9	27	1
0.166666666666667	0.333333333333333	0	0.5	10	27	1
0	0.166666666666667	0	0.5	11	27	1
0.666666666666667	0.833333333333333	0	1	18	27	1
0.833333333333333	1	0	0.5	22	27	1
0.666666666666667	0.833333333333333	0	1	19	28	1
0.833333333333333	1	0	1	22	28	1
0.333333333333333	0.5	0	1	6	29	1
0.166666666666667	0.333333333333333	0	1	7	29	1
0	0.166666666666667	0	1	8	29	1
0.833333333333333	1	0	1	14	29	1
0.666666666666667	0.833333333333333	0	0.5	16	29	1
0.333333333333333	0.5	0	0.5	7	30	1
0.166666666666667	0.333333333333333	0	0.5	8	30	1
0	0.166666666666667	0	0.5	9	30	1
0.833333333333333	1	0	1	16	30	1
0.666666666666667	0.833333333333333	0	1	17	30	1
0.666666666666667	0.833333333333333	0	0.5	20	30	1
0.333333333333333	0.5	0	0.5	7	31	1
0.166666666666667	0.333333333333333	0	0.5	8	31	1
0	0.166666666666667	0	0.5	9	31	1
0.833333333333333	1	0	1	16	31	1
0.666666666666667	0.833333333333333	0	0.5	18	31	1
0.666666666666667	0.833333333333333	0	0.5	20	31	1
0.833333333333333	1	0	1	17	32	1
0.666666666666667	0.833333333333333	0	1	18	32	1
0.666666666666667	0.833333333333333	0	1	20	32	1
0.5	0.666666666666667	0	0.5	6	33	1
0.5	0.666666666666667	0	1	9	33	1
0.333333333333333	0.5	0	1	10	33	1
0.166666666666667	0.333333333333333	0	1	11	33	1
0	0.166666666666667	0	1	12	33	1
0.666666666666667	0.833333333333333	0	0.5	19	33	1
0.5	0.666666666666667	0	0.5	8	34	1
0.5	0.666666666666667	0	0.5	10	34	1
0.333333333333333	0.5	0	0.5	11	34	1
0.166666666666667	0.333333333333333	0	0.5	12	34	1
0	0.166666666666667	0	0.5	13	34	1
0.666666666666667	0.833333333333333	0	1	20	34	1
0.5	0.666666666666667	0	0.5	10	35	1
0.333333333333333	0.5	0	0.5	11	35	1
0.166666666666667	0.333333333333333	0	0.5	12	35	1
0	0.166666666666667	0	0.5	13	35	1
0.666666666666667	0.833333333333333	0	0.5	21	35	1
0.666666666666667	0.833333333333333	0	1	21	36	1
0.5	0.666666666666667	0	1	7	37	1
0.333333333333333	0.5	0	1	8	37	1
0.166666666666667	0.333333333333333	0	1	9	37	1
0	0.166666666666667	0	1	10	37	1
0.833333333333333	1	0	0.5	17	37	1
0.666666666666667	0.833333333333333	0	0.5	18	37	1
0.5	0.666666666666667	0	0.5	8	38	1
0.333333333333333	0.5	0	0.5	9	38	1
0.166666666666667	0.333333333333333	0	0.5	10	38	1
0	0.166666666666667	0	0.5	11	38	1
0.833333333333333	1	0	1	18	38	1
0.666666666666667	0.833333333333333	0	1	19	38	1
0.5	0.666666666666667	0	0.5	8	39	1
0.333333333333333	0.5	0	0.5	9	39	1
0.166666666666667	0.333333333333333	0	0.5	10	39	1
0	0.166666666666667	0	0.5	11	39	1
0.833333333333333	1	0	0.5	19	39	1
0.666666666666667	0.833333333333333	0	0.5	20	39	1
0.833333333333333	1	0	1	19	40	1
0.666666666666667	0.833333333333333	0	1	20	40	1
0.333333333333333	0.5	0	0.5	5	41	1
0.333333333333333	0.5	0	1	8	41	1
0.166666666666667	0.333333333333333	0	1	9	41	1
0	0.166666666666667	0	1	10	41	1
0.666666666666667	0.833333333333333	0	1	16	41	1
0.5	0.666666666666667	0	0.5	18	41	1
0.333333333333333	0.5	0	0.5	7	42	1
0.333333333333333	0.5	0	0.5	9	42	1
0.166666666666667	0.333333333333333	0	0.5	10	42	1
0	0.166666666666667	0	0.5	11	42	1
0.666666666666667	0.833333333333333	0	1	18	42	1
0.5	0.666666666666667	0	1	19	42	1
0.333333333333333	0.5	0	0.5	9	43	1
0.166666666666667	0.333333333333333	0	0.5	10	43	1
0	0.166666666666667	0	0.5	11	43	1
0.666666666666667	0.833333333333333	0	1	18	43	1
0.5	0.666666666666667	0	0.5	20	43	1
0.666666666666667	0.833333333333333	0	1	19	44	1
0.5	0.666666666666667	0	1	20	44	1
0.333333333333333	0.5	0	1	6	45	1
0.166666666666667	0.333333333333333	0	1	7	45	1
0	0.166666666666667	0	1	8	45	1
0.833333333333333	1	0	1	14	45	1
0.666666666666667	0.833333333333333	0	0.5	16	45	1
0.5	0.666666666666667	0	0.5	17	45	1
0.333333333333333	0.5	0	0.5	7	46	1
0.166666666666667	0.333333333333333	0	0.5	8	46	1
0	0.166666666666667	0	0.5	9	46	1
0.833333333333333	1	0	1	16	46	1
0.666666666666667	0.833333333333333	0	1	17	46	1
0.5	0.666666666666667	0	1	18	46	1
0.333333333333333	0.5	0	0.5	7	47	1
0.166666666666667	0.333333333333333	0	0.5	8	47	1
0	0.166666666666667	0	0.5	9	47	1
0.833333333333333	1	0	1	16	47	1
0.666666666666667	0.833333333333333	0	0.5	18	47	1
0.5	0.666666666666667	0	0.5	19	47	1
0.833333333333333	1	0	1	17	48	1
0.666666666666667	0.833333333333333	0	1	18	48	1
0.5	0.666666666666667	0	1	19	48	1
0.333333333333333	0.5	0	0.5	5	49	1
0.333333333333333	0.5	0	1	8	49	1
0.166666666666667	0.333333333333333	0	1	9	49	1
0	0.166666666666667	0	1	10	49	1
0.666666666666667	0.833333333333333	0	0.5	16	49	1
0.333333333333333	0.5	0	0.5	7	50	1
0.333333333333333	0.5	0	0.5	9	50	1
0.166666666666667	0.333333333333333	0	0.5	10	50	1
0	0.166666666666667	0	0.5	11	50	1
0.666666666666667	0.833333333333333	0	1	17	50	1
0.833333333333333	1	0	0.5	21	50	1
0.333333333333333	0.5	0	0.5	9	51	1
0.166666666666667	0.333333333333333	0	0.5	10	51	1
0	0.166666666666667	0	0.5	11	51	1
0.666666666666667	0.833333333333333	0	0.5	18	51	1
0.833333333333333	1	0	0.5	21	51	1
0.666666666666667	0.833333333333333	0	1	18	52	1
0.833333333333333	1	0	1	21	52	1
0.333333333333333	0.5	0	1	6	53	1
0.166666666666667	0.333333333333333	0	1	7	53	1
0	0.166666666666667	0	1	8	53	1
0.833333333333333	1	0	0.5	14	53	1
0.666666666666667	0.833333333333333	0	0.5	15	53	1
0.333333333333333	0.5	0	0.5	7	54	1
0.166666666666667	0.333333333333333	0	0.5	8	54	1
0	0.166666666666667	0	0.5	9	54	1
0.833333333333333	1	0	1	15	54	1
0.666666666666667	0.833333333333333	0	1	16	54	1
0.666666666666667	0.833333333333333	0	0.5	19	54	1
0.333333333333333	0.5	0	0.5	7	55	1
0.166666666666667	0.333333333333333	0	0.5	8	55	1
0	0.166666666666667	0	0.5	9	55	1
0.833333333333333	1	0	0.5	16	55	1
0.666666666666667	0.833333333333333	0	0.5	17	55	1
0.666666666666667	0.833333333333333	0	0.5	19	55	1
0.833333333333333	1	0	1	16	56	1
0.666666666666667	0.833333333333333	0	1	17	56	1
0.666666666666667	0.833333333333333	0	1	19	56	1
0.166666666666667	0.333333333333333	0	0.5	4	57	1
0.166666666666667	0.333333333333333	0	1	7	57	1
0	0.166666666666667	0	1	8	57	1
0.666666666666667	0.833333333333333	0	1	13	57	1
0.5	0.666666666666667	0	0.5	15	57	1
0.166666666666667	0.333333333333333	0	0.5	6	58	1
0.166666666666667	0.333333333333333	0	0.5	8	58	1
0	0.166666666666667	0	0.5	9	58	1
0.666666666666667	0.833333333333333	0	1	15	58	1
0.5	0.666666666666667	0	1	16	58	1
0.833333333333333	1	0	0.5	21	58	1
0.166666666666667	0.333333333333333	0	0.5	8	59	1
0	0.166666666666667	0	0.5	9	59	1
0.666666666666667	0.833333333333333	0	1	15	59	1
0.5	0.666666666666667	0	0.5	17	59	1
0.833333333333333	1	0	0.5	21	59	1
0.666666666666667	0.833333333333333	0	1	16	60	1
0.5	0.666666666666667	0	1	17	60	1
0.833333333333333	1	0	1	21	60	1
0.166666666666667	0.333333333333333	0	1	5	61	1
0	0.166666666666667	0	1	6	61	1
0.833333333333333	1	0	1	11	61	1
0.666666666666667	0.833333333333333	0	0.5	13	61	1
0.5	0.666666666666667	0	0.5	14	61	1
0.166666666666667	0.333333333333333	0	0.5	6	62	1
0	0.166666666666667	0	0.5	7	62	1
0.833333333333333	1	0	1	13	62	1
0.666666666666667	0.833333333333333	0	1	14	62	1
0.5	0.666666666666667	0	1	15	62	1
0.666666666666667	0.833333333333333	0	0.5	19	62	1
0.166666666666667	0.333333333333333	0	0.5	6	63	1
0	0.166666666666667	0	0.5	7	63	1
0.833333333333333	1	0	1	13	63	1
0.666666666666667	0.833333333333333	0	0.5	15	63	1
0.5	0.666666666666667	0	0.5	16	63	1
0.666666666666667	0.833333333333333	0	0.5	19	63	1
0.833333333333333	1	0	1	14	64	1
0.666666666666667	0.833333333333333	0	1	15	64	1
0.5	0.666666666666667	0	1	16	64	1
0.666666666666667	0.833333333333333	0	1	19	64	1
0.5	0.666666666666667	0	0.5	6	65	1
0.5	0.666666666666667	0	1	9	65	1
0.333333333333333	0.5	0	1	10	65	1
0.166666666666667	0.333333333333333	0	1	11	65	1
0	0.166666666666667	0	1	12	65	1
0.833333333333333	1	0	1	23	65	1
0.5	0.666666666666667	0	0.5	8	66	1
0.5	0.666666666666667	0	0.5	10	66	1
0.333333333333333	0.5	0	0.5	11	66	1
0.166666666666667	0.333333333333333	0	0.5	12	66	1
0	0.166666666666667	0	0.5	13	66	1
0.833333333333333	1	0	1	23	66	1
0.5	0.666666666666667	0	0.5	10	67	1
0.333333333333333	0.5	0	0.5	11	67	1
0.166666666666667	0.333333333333333	0	0.5	12	67	1
0	0.166666666666667	0	0.5	13	67	1
0.833333333333333	1	0	1	23	67	1
0.833333333333333	1	0	1	22	68	1
0.5	0.666666666666667	0	1	7	69	1
0.333333333333333	0.5	0	1	8	69	1
0.166666666666667	0.333333333333333	0	1	9	69	1
0	0.166666666666667	0	1	10	69	1
0.833333333333333	1	0	0.5	17	69	1
0.833333333333333	1	0	1	22	69	1
0.5	0.666666666666667	0	0.5	8	70	1
0.333333333333333	0.5	0	0.5	9	70	1
0.166666666666667	0.333333333333333	0	0.5	10	70	1
0	0.166666666666667	0	0.5	11	70	1
0.833333333333333	1	0	1	18	70	1
0.833333333333333	1	0	1	22	70	1
0.5	0.666666666666667	0	0.5	8	71	1
0.333333333333333	0.5	0	0.5	9	71	1
0.166666666666667	0.333333333333333	0	0.5	10	71	1
0	0.166666666666667	0	0.5	11	71	1
0.833333333333333	1	0	0.5	19	71	1
0.833333333333333	1	0	1	22	71	1
0.833333333333333	1	0	1	19	72	1
0.833333333333333	1	0	1	21	72	1
0.333333333333333	0.5	0	0.5	5	73	1
0.333333333333333	0.5	0	1	8	73	1
0.166666666666667	0.333333333333333	0	1	9	73	1
0	0.166666666666667	0	1	10	73	1
0.666666666666667	0.833333333333333	0	1	16	73	1
0.833333333333333	1	0	1	23	73	1
0.333333333333333	0.5	0	0.5	7	74	1
0.333333333333333	0.5	0	0.5	9	74	1
0.166666666666667	0.333333333333333	0	0.5	10	74	1
0	0.166666666666667	0	0.5	11	74	1
0.666666666666667	0.833333333333333	0	1	18	74	1
0.833333333333333	1	0	1	23	74	1
0.333333333333333	0.5	0	0.5	9	75	1
0.166666666666667	0.333333333333333	0	0.5	10	75	1
0	0.166666666666667	0	0.5	11	75	1
0.666666666666667	0.833333333333333	0	1	18	75	1
0.833333333333333	1	0	1	23	75	1
0.666666666666667	0.833333333333333	0	1	19	76	1
0.833333333333333	1	0	1	22	76	1
0.333333333333333	0.5	0	1	6	77	1
0.166666666666667	0.333333333333333	0	1	7	77	1
0	0.166666666666667	0	1	8	77	1
0.833333333333333	1	0	1	14	77	1
0.666666666666667	0.833333333333333	0	0.5	16	77	1
0.833333333333333	1	0	1	22	77	1
0.333333333333333	0.5	0	0.5	7	78	1
0.166666666666667	0.333333333333333	0	0.5	8	78	1
0	0.166666666666667	0	0.5	9	78	1
0.833333333333333	1	0	1	16	78	1
0.666666666666667	0.833333333333333	0	1	17	78	1
0.833333333333333	1	0	1	22	78	1
0.333333333333333	0.5	0	0.5	7	79	1
0.166666666666667	0.333333333333333	0	0.5	8	79	1
0	0.166666666666667	0	0.5	9	79	1
0.833333333333333	1	0	1	16	79	1
0.666666666666667	0.833333333333333	0	0.5	18	79	1
0.833333333333333	1	0	1	22	79	1
0.833333333333333	1	0	1	17	80	1
0.666666666666667	0.833333333333333	0	1	18	80	1
0.833333333333333	1	0	1	21	80	1
0.333333333333333	0.5	0	0.5	5	81	1
0.333333333333333	0.5	0	1	8	81	1
0.166666666666667	0.333333333333333	0	1	9	81	1
0	0.166666666666667	0	1	10	81	1
0.833333333333333	1	0	1	22	81	1
0.333333333333333	0.5	0	0.5	7	82	1
0.333333333333333	0.5	0	0.5	9	82	1
0.166666666666667	0.333333333333333	0	0.5	10	82	1
0	0.166666666666667	0	0.5	11	82	1
0.833333333333333	1	0	0.5	19	82	1
0.833333333333333	1	0	1	22	82	1
0.333333333333333	0.5	0	0.5	9	83	1
0.166666666666667	0.333333333333333	0	0.5	10	83	1
0	0.166666666666667	0	0.5	11	83	1
0.833333333333333	1	0	0.5	19	83	1
0.833333333333333	1	0	1	22	83	1
0.833333333333333	1	0	1	19	84	1
0.833333333333333	1	0	1	21	84	1
0.333333333333333	0.5	0	1	6	85	1
0.166666666666667	0.333333333333333	0	1	7	85	1
0	0.166666666666667	0	1	8	85	1
0.833333333333333	1	0	0.5	14	85	1
0.833333333333333	1	0	1	21	85	1
0.333333333333333	0.5	0	0.5	7	86	1
0.166666666666667	0.333333333333333	0	0.5	8	86	1
0	0.166666666666667	0	0.5	9	86	1
0.833333333333333	1	0	1	15	86	1
0.666666666666667	0.833333333333333	0	0.5	17	86	1
0.833333333333333	1	0	1	21	86	1
0.333333333333333	0.5	0	0.5	7	87	1
0.166666666666667	0.333333333333333	0	0.5	8	87	1
0	0.166666666666667	0	0.5	9	87	1
0.833333333333333	1	0	0.5	16	87	1
0.666666666666667	0.833333333333333	0	0.5	17	87	1
0.833333333333333	1	0	1	21	87	1
0.833333333333333	1	0	1	16	88	1
0.666666666666667	0.833333333333333	0	1	17	88	1
0.833333333333333	1	0	1	20	88	1
0.166666666666667	0.333333333333333	0	0.5	4	89	1
0.166666666666667	0.333333333333333	0	1	7	89	1
0	0.166666666666667	0	1	8	89	1
0.666666666666667	0.833333333333333	0	1	13	89	1
0.833333333333333	1	0	1	22	89	1
0.166666666666667	0.333333333333333	0	0.5	6	90	1
0.166666666666667	0.333333333333333	0	0.5	8	90	1
0	0.166666666666667	0	0.5	9	90	1
0.666666666666667	0.833333333333333	0	1	15	90	1
0.833333333333333	1	0	0.5	19	90	1
0.833333333333333	1	0	1	22	90	1
0.166666666666667	0.333333333333333	0	0.5	8	91	1
0	0.166666666666667	0	0.5	9	91	1
0.666666666666667	0.833333333333333	0	1	15	91	1
0.833333333333333	1	0	0.5	19	91	1
0.833333333333333	1	0	1	22	91	1
0.666666666666667	0.833333333333333	0	1	16	92	1
0.833333333333333	1	0	1	19	92	1
0.833333333333333	1	0	1	21	92	1
0.166666666666667	0.333333333333333	0	1	5	93	1
0	0.166666666666667	0	1	6	93	1
0.833333333333333	1	0	1	11	93	1
0.666666666666667	0.833333333333333	0	0.5	13	93	1
0.833333333333333	1	0	1	21	93	1
0.166666666666667	0.333333333333333	0	0.5	6	94	1
0	0.166666666666667	0	0.5	7	94	1
0.833333333333333	1	0	1	13	94	1
0.666666666666667	0.833333333333333	0	1	14	94	1
0.666666666666667	0.833333333333333	0	0.5	17	94	1
0.833333333333333	1	0	1	21	94	1
0.166666666666667	0.333333333333333	0	0.5	6	95	1
0	0.166666666666667	0	0.5	7	95	1
0.833333333333333	1	0	1	13	95	1
0.666666666666667	0.833333333333333	0	0.5	15	95	1
0.666666666666667	0.833333333333333	0	0.5	17	95	1
0.833333333333333	1	0	1	21	95	1
0.833333333333333	1	0	1	14	96	1
0.666666666666667	0.833333333333333	0	1	15	96	1
0.666666666666667	0.833333333333333	0	1	17	96	1
0.833333333333333	1	0	1	20	96	1
0.333333333333333	0.5	0	0.5	5	97	1
0.333333333333333	0.5	0	1	8	97	1
0.166666666666667	0.333333333333333	0	1	9	97	1
0	0.166666666666667	0	1	10	97	1
0.666666666666667	0.833333333333333	0	0.5	16	97	1
0.833333333333333	1	0	1	22	97	1
0.333333333333333	0.5	0	0.5	7	98	1
0.333333333333333	0.5	0	0.5	9	98	1
0.166666666666667	0.333333333333333	0	0.5	10	98	1
0	0.166666666666667	0	0.5	11	98	1
0.666666666666667	0.833333333333333	0	1	17	98	1
0.833333333333333	1	0	1	22	98	1
0.333333333333333	0.5	0	0.5	9	99	1
0.166666666666667	0.333333333333333	0	0.5	10	99	1
0	0.166666666666667	0	0.5	11	99	1
0.666666666666667	0.833333333333333	0	0.5	18	99	1
0.833333333333333	1	0	1	22	99	1
0.666666666666667	0.833333333333333	0	1	18	100	1
0.833333333333333	1	0	1	21	100	1
0.333333333333333	0.5	0	1	6	101	1
0.166666666666667	0.333333333333333	0	1	7	101	1
0	0.166666666666667	0	1	8	101	1
0.833333333333333	1	0	0.5	14	101	1
0.666666666666667	0.833333333333333	0	0.5	15	101	1
0.833333333333333	1	0	1	21	101	1
0.333333333333333	0.5	0	0.5	7	102	1
0.166666666666667	0.333333333333333	0	0.5	8	102	1
0	0.166666666666667	0	0.5	9	102	1
0.833333333333333	1	0	1	15	102	1
0.666666666666667	0.833333333333333	0	1	16	102	1
0.833333333333333	1	0	1	21	102	1
0.333333333333333	0.5	0	0.5	7	103	1
0.166666666666667	0.333333333333333	0	0.5	8	103	1
0	0.166666666666667	0	0.5	9	103	1
0.833333333333333	1	0	0.5	16	103	1
0.666666666666667	0.833333333333333	0	0.5	17	103	1
0.833333333333333	1	0	1	21	103	1
0.833333333333333	1	0	1	16	104	1
0.666666666666667	0.833333333333333	0	1	17	104	1
0.833333333333333	1	0	1	20	104	1
0.166666666666667	0.333333333333333	0	0.5	4	105	1
0.166666666666667	0.333333333333333	0	1	7	105	1
0	0.166666666666667	0	1	8	105	1
0.666666666666667	0.833333333333333	0	1	13	105	1
0.5	0.666666666666667	0	0.5	15	105	1
0.833333333333333	1	0	1	22	105	1
0.166666666666667	0.333333333333333	0	0.5	6	106	1
0.166666666666667	0.333333333333333	0	0.5	8	106	1
0	0.166666666666667	0	0.5	9	106	1
0.666666666666667	0.833333333333333	0	1	15	106	1
0.5	0.666666666666667	0	1	16	106	1
0.833333333333333	1	0	1	22	106	1
0.166666666666667	0.333333333333333	0	0.5	8	107	1
0	0.166666666666667	0	0.5	9	107	1
0.666666666666667	0.833333333333333	0	1	15	107	1
0.5	0.666666666666667	0	0.5	17	107	1
0.833333333333333	1	0	1	22	107	1
0.666666666666667	0.833333333333333	0	1	16	108	1
0.5	0.666666666666667	0	1	17	108	1
0.833333333333333	1	0	1	21	108	1
0.166666666666667	0.333333333333333	0	1	5	109	1
0	0.166666666666667	0	1	6	109	1
0.833333333333333	1	0	1	11	109	1
0.666666666666667	0.833333333333333	0	0.5	13	109	1
0.5	0.666666666666667	0	0.5	14	109	1
0.833333333333333	1	0	1	21	109	1
0.166666666666667	0.333333333333333	0	0.5	6	110	1
0	0.166666666666667	0	0.5	7	110	1
0.833333333333333	1	0	1	13	110	1
0.666666666666667	0.833333333333333	0	1	14	110	1
0.5	0.666666666666667	0	1	15	110	1
0.833333333333333	1	0	1	21	110	1
0.166666666666667	0.333333333333333	0	0.5	6	111	1
0	0.166666666666667	0	0.5	7	111	1
0.833333333333333	1	0	1	13	111	1
0.666666666666667	0.833333333333333	0	0.5	15	111	1
0.5	0.666666666666667	0	0.5	16	111	1
0.833333333333333	1	0	1	21	111	1
0.833333333333333	1	0	1	14	112	1
0.666666666666667	0.833333333333333	0	1	15	112	1
0.5	0.666666666666667	0	1	16	112	1
0.833333333333333	1	0	1	20	112	1
0.166666666666667	0.333333333333333	0	0.5	4	113	1
0.166666666666667	0.333333333333333	0	1	7	113	1
0	0.166666666666667	0	1	8	113	1
0.666666666666667	0.833333333333333	0	0.5	13	113	1
0.833333333333333	1	0	1	21	113	1
0.166666666666667	0.333333333333333	0	0.5	6	114	1
0.166666666666667	0.333333333333333	0	0.5	8	114	1
0	0.166666666666667	0	0.5	9	114	1
0.666666666666667	0.833333333333333	0	1	14	114	1
0.833333333333333	1	0	0.5	18	114	1
0.833333333333333	1	0	1	21	114	1
0.166666666666667	0.333333333333333	0	0.5	8	115	1
0	0.166666666666667	0	0.5	9	115	1
0.666666666666667	0.833333333333333	0	0.5	15	115	1
0.833333333333333	1	0	0.5	18	115	1
0.833333333333333	1	0	1	21	115	1
0.666666666666667	0.833333333333333	0	1	15	116	1
0.833333333333333	1	0	1	18	116	1
0.833333333333333	1	0	1	20	116	1
0.166666666666667	0.333333333333333	0	1	5	117	1
0	0.166666666666667	0	1	6	117	1
0.833333333333333	1	0	0.5	11	117	1
0.666666666666667	0.833333333333333	0	0.5	12	117	1
0.833333333333333	1	0	1	20	117	1
0.166666666666667	0.333333333333333	0	0.5	6	118	1
0	0.166666666666667	0	0.5	7	118	1
0.833333333333333	1	0	1	12	118	1
0.666666666666667	0.833333333333333	0	1	13	118	1
0.666666666666667	0.833333333333333	0	0.5	16	118	1
0.833333333333333	1	0	1	20	118	1
0.166666666666667	0.333333333333333	0	0.5	6	119	1
0	0.166666666666667	0	0.5	7	119	1
0.833333333333333	1	0	0.5	13	119	1
0.666666666666667	0.833333333333333	0	0.5	14	119	1
0.666666666666667	0.833333333333333	0	0.5	16	119	1
0.833333333333333	1	0	1	20	119	1
0.833333333333333	1	0	1	13	120	1
0.666666666666667	0.833333333333333	0	1	14	120	1
0.666666666666667	0.833333333333333	0	1	16	120	1
0.833333333333333	1	0	1	19	120	1
0	0.166666666666667	0	0.5	3	121	1
0	0.166666666666667	0	1	6	121	1
0.666666666666667	0.833333333333333	0	1	10	121	1
0.5	0.666666666666667	0	0.5	12	121	1
0.833333333333333	1	0	1	21	121	1
0	0.166666666666667	0	0.5	5	122	1
0	0.166666666666667	0	0.5	7	122	1
0.666666666666667	0.833333333333333	0	1	12	122	1
0.5	0.666666666666667	0	1	13	122	1
0.833333333333333	1	0	0.5	18	122	1
0.833333333333333	1	0	1	21	122	1
0	0.166666666666667	0	0.5	7	123	1
0.666666666666667	0.833333333333333	0	1	12	123	1
0.5	0.666666666666667	0	0.5	14	123	1
0.833333333333333	1	0	0.5	18	123	1
0.833333333333333	1	0	1	21	123	1
0.666666666666667	0.833333333333333	0	1	13	124	1
0.5	0.666666666666667	0	1	14	124	1
0.833333333333333	1	0	1	18	124	1
0.833333333333333	1	0	1	20	124	1
0	0.166666666666667	0	1	4	125	1
0.833333333333333	1	0	1	8	125	1
0.666666666666667	0.833333333333333	0	0.5	10	125	1
0.5	0.666666666666667	0	0.5	11	125	1
0.833333333333333	1	0	1	20	125	1
0	0.166666666666667	0	0.5	5	126	1
0.833333333333333	1	0	1	10	126	1
0.666666666666667	0.833333333333333	0	1	11	126	1
0.5	0.666666666666667	0	1	12	126	1
0.666666666666667	0.833333333333333	0	0.5	16	126	1
0.833333333333333	1	0	1	20	126	1
0	0.166666666666667	0	0.5	5	127	1
0.833333333333333	1	0	1	10	127	1
0.666666666666667	0.833333333333333	0	0.5	12	127	1
0.5	0.666666666666667	0	0.5	13	127	1
0.666666666666667	0.833333333333333	0	0.5	16	127	1
0.833333333333333	1	0	1	20	127	1
0.833333333333333	1	0	1	11	128	1
0.666666666666667	0.833333333333333	0	1	12	128	1
0.5	0.666666666666667	0	1	13	128	1
0.666666666666667	0.833333333333333	0	1	16	128	1
0.833333333333333	1	0	1	19	128	1
0.666666666666667	0.833333333333333	0	0.5	7	129	1
0.5	0.666666666666667	0	1	9	129	1
0.333333333333333	0.5	0	1	10	129	1
0.166666666666667	0.333333333333333	0	1	11	129	1
0	0.166666666666667	0	1	12	129	1
0.5	0.666666666666667	0	1	17	129	1
0.666666666666667	0.833333333333333	0	0.5	9	130	1
0.5	0.666666666666667	0	0.5	10	130	1
0.333333333333333	0.5	0	0.5	11	130	1
0.166666666666667	0.333333333333333	0	0.5	12	130	1
0	0.166666666666667	0	0.5	13	130	1
0.5	0.666666666666667	0	1	19	130	1
0.5	0.666666666666667	0	0.5	10	131	1
0.333333333333333	0.5	0	0.5	11	131	1
0.166666666666667	0.333333333333333	0	0.5	12	131	1
0	0.166666666666667	0	0.5	13	131	1
0.5	0.666666666666667	0	1	19	131	1
0.5	0.666666666666667	0	1	20	132	1
0.5	0.666666666666667	0	1	7	133	1
0.333333333333333	0.5	0	1	8	133	1
0.166666666666667	0.333333333333333	0	1	9	133	1
0	0.166666666666667	0	1	10	133	1
0.666666666666667	0.833333333333333	0	1	15	133	1
0.666666666666667	0.833333333333333	0	0.5	18	133	1
0.5	0.666666666666667	0	0.5	8	134	1
0.333333333333333	0.5	0	0.5	9	134	1
0.166666666666667	0.333333333333333	0	0.5	10	134	1
0	0.166666666666667	0	0.5	11	134	1
0.666666666666667	0.833333333333333	0	1	17	134	1
0.666666666666667	0.833333333333333	0	1	19	134	1
0.5	0.666666666666667	0	0.5	8	135	1
0.333333333333333	0.5	0	0.5	9	135	1
0.166666666666667	0.333333333333333	0	0.5	10	135	1
0	0.166666666666667	0	0.5	11	135	1
0.666666666666667	0.833333333333333	0	1	17	135	1
0.666666666666667	0.833333333333333	0	0.5	20	135	1
0.666666666666667	0.833333333333333	0	1	18	136	1
0.666666666666667	0.833333333333333	0	1	20	136	1
0.5	0.666666666666667	0	0.5	6	137	1
0.333333333333333	0.5	0	1	8	137	1
0.166666666666667	0.333333333333333	0	1	9	137	1
0	0.166666666666667	0	1	10	137	1
0.666666666666667	0.833333333333333	0	1	16	137	1
0.5	0.666666666666667	0	1	17	137	1
0.5	0.666666666666667	0	0.5	8	138	1
0.333333333333333	0.5	0	0.5	9	138	1
0.166666666666667	0.333333333333333	0	0.5	10	138	1
0	0.166666666666667	0	0.5	11	138	1
0.666666666666667	0.833333333333333	0	1	18	138	1
0.5	0.666666666666667	0	1	19	138	1
0.333333333333333	0.5	0	0.5	9	139	1
0.166666666666667	0.333333333333333	0	0.5	10	139	1
0	0.166666666666667	0	0.5	11	139	1
0.666666666666667	0.833333333333333	0	1	18	139	1
0.5	0.666666666666667	0	1	19	139	1
0.666666666666667	0.833333333333333	0	1	19	140	1
0.5	0.666666666666667	0	1	20	140	1
0.333333333333333	0.5	0	1	6	141	1
0.166666666666667	0.333333333333333	0	1	7	141	1
0	0.166666666666667	0	1	8	141	1
0.833333333333333	1	0	1	14	141	1
0.666666666666667	0.833333333333333	0	1	15	141	1
0.5	0.666666666666667	0	0.5	17	141	1
0.333333333333333	0.5	0	0.5	7	142	1
0.166666666666667	0.333333333333333	0	0.5	8	142	1
0	0.166666666666667	0	0.5	9	142	1
0.833333333333333	1	0	1	16	142	1
0.666666666666667	0.833333333333333	0	1	17	142	1
0.5	0.666666666666667	0	1	18	142	1
0.333333333333333	0.5	0	0.5	7	143	1
0.166666666666667	0.333333333333333	0	0.5	8	143	1
0	0.166666666666667	0	0.5	9	143	1
0.833333333333333	1	0	1	16	143	1
0.666666666666667	0.833333333333333	0	1	17	143	1
0.5	0.666666666666667	0	0.5	19	143	1
0.833333333333333	1	0	1	17	144	1
0.666666666666667	0.833333333333333	0	1	18	144	1
0.5	0.666666666666667	0	1	19	144	1
0.5	0.666666666666667	0	0.5	6	145	1
0.333333333333333	0.5	0	1	8	145	1
0.166666666666667	0.333333333333333	0	1	9	145	1
0	0.166666666666667	0	1	10	145	1
0.5	0.666666666666667	0	1	14	145	1
0.5	0.666666666666667	0	0.5	8	146	1
0.333333333333333	0.5	0	0.5	9	146	1
0.166666666666667	0.333333333333333	0	0.5	10	146	1
0	0.166666666666667	0	0.5	11	146	1
0.5	0.666666666666667	0	1	16	146	1
0.833333333333333	1	0	0.5	21	146	1
0.333333333333333	0.5	0	0.5	9	147	1
0.166666666666667	0.333333333333333	0	0.5	10	147	1
0	0.166666666666667	0	0.5	11	147	1
0.5	0.666666666666667	0	1	16	147	1
0.833333333333333	1	0	0.5	21	147	1
0.5	0.666666666666667	0	1	17	148	1
0.833333333333333	1	0	1	21	148	1
0.333333333333333	0.5	0	1	6	149	1
0.166666666666667	0.333333333333333	0	1	7	149	1
0	0.166666666666667	0	1	8	149	1
0.666666666666667	0.833333333333333	0	1	12	149	1
0.666666666666667	0.833333333333333	0	0.5	15	149	1
0.333333333333333	0.5	0	0.5	7	150	1
0.166666666666667	0.333333333333333	0	0.5	8	150	1
0	0.166666666666667	0	0.5	9	150	1
0.666666666666667	0.833333333333333	0	1	14	150	1
0.666666666666667	0.833333333333333	0	1	16	150	1
0.666666666666667	0.833333333333333	0	0.5	19	150	1
0.333333333333333	0.5	0	0.5	7	151	1
0.166666666666667	0.333333333333333	0	0.5	8	151	1
0	0.166666666666667	0	0.5	9	151	1
0.666666666666667	0.833333333333333	0	1	14	151	1
0.666666666666667	0.833333333333333	0	0.5	17	151	1
0.666666666666667	0.833333333333333	0	0.5	19	151	1
0.666666666666667	0.833333333333333	0	1	15	152	1
0.666666666666667	0.833333333333333	0	1	17	152	1
0.666666666666667	0.833333333333333	0	1	19	152	1
0.333333333333333	0.5	0	0.5	5	153	1
0.166666666666667	0.333333333333333	0	1	7	153	1
0	0.166666666666667	0	1	8	153	1
0.666666666666667	0.833333333333333	0	1	13	153	1
0.5	0.666666666666667	0	1	14	153	1
0.333333333333333	0.5	0	0.5	7	154	1
0.166666666666667	0.333333333333333	0	0.5	8	154	1
0	0.166666666666667	0	0.5	9	154	1
0.666666666666667	0.833333333333333	0	1	15	154	1
0.5	0.666666666666667	0	1	16	154	1
0.833333333333333	1	0	0.5	21	154	1
0.166666666666667	0.333333333333333	0	0.5	8	155	1
0	0.166666666666667	0	0.5	9	155	1
0.666666666666667	0.833333333333333	0	1	15	155	1
0.5	0.666666666666667	0	1	16	155	1
0.833333333333333	1	0	0.5	21	155	1
0.666666666666667	0.833333333333333	0	1	16	156	1
0.5	0.666666666666667	0	1	17	156	1
0.833333333333333	1	0	1	21	156	1
0.166666666666667	0.333333333333333	0	1	5	157	1
0	0.166666666666667	0	1	6	157	1
0.833333333333333	1	0	1	11	157	1
0.666666666666667	0.833333333333333	0	1	12	157	1
0.5	0.666666666666667	0	0.5	14	157	1
0.166666666666667	0.333333333333333	0	0.5	6	158	1
0	0.166666666666667	0	0.5	7	158	1
0.833333333333333	1	0	1	13	158	1
0.666666666666667	0.833333333333333	0	1	14	158	1
0.5	0.666666666666667	0	1	15	158	1
0.666666666666667	0.833333333333333	0	0.5	19	158	1
0.166666666666667	0.333333333333333	0	0.5	6	159	1
0	0.166666666666667	0	0.5	7	159	1
0.833333333333333	1	0	1	13	159	1
0.666666666666667	0.833333333333333	0	1	14	159	1
0.5	0.666666666666667	0	0.5	16	159	1
0.666666666666667	0.833333333333333	0	0.5	19	159	1
0.833333333333333	1	0	1	14	160	1
0.666666666666667	0.833333333333333	0	1	15	160	1
0.5	0.666666666666667	0	1	16	160	1
0.666666666666667	0.833333333333333	0	1	19	160	1
0.5	0.666666666666667	0	0.5	6	161	1
0.333333333333333	0.5	0	1	8	161	1
0.166666666666667	0.333333333333333	0	1	9	161	1
0	0.166666666666667	0	1	10	161	1
0.5	0.666666666666667	0	1	14	161	1
0.5	0.666666666666667	0	0.5	17	161	1
0.5	0.666666666666667	0	0.5	8	162	1
0.333333333333333	0.5	0	0.5	9	162	1
0.166666666666667	0.333333333333333	0	0.5	10	162	1
0	0.166666666666667	0	0.5	11	162	1
0.5	0.666666666666667	0	1	16	162	1
0.5	0.666666666666667	0	1	18	162	1
0.333333333333333	0.5	0	0.5	9	163	1
0.166666666666667	0.333333333333333	0	0.5	10	163	1
0	0.166666666666667	0	0.5	11	163	1
0.5	0.666666666666667	0	1	16	163	1
0.5	0.666666666666667	0	0.5	19	163	1
0.5	0.666666666666667	0	1	17	164	1
0.5	0.666666666666667	0	1	19	164	1
0.333333333333333	0.5	0	1	6	165	1
0.166666666666667	0.333333333333333	0	1	7	165	1
0	0.166666666666667	0	1	8	165	1
0.666666666666667	0.833333333333333	0	1	12	165	1
0.666666666666667	0.833333333333333	0	0.5	15	165	1
0.5	0.666666666666667	0	0.5	16	165	1
0.333333333333333	0.5	0	0.5	7	166	1
0.166666666666667	0.333333333333333	0	0.5	8	166	1
0	0.166666666666667	0	0.5	9	166	1
0.666666666666667	0.833333333333333	0	1	14	166	1
0.666666666666667	0.833333333333333	0	1	16	166	1
0.5	0.666666666666667	0	1	17	166	1
0.333333333333333	0.5	0	0.5	7	167	1
0.166666666666667	0.333333333333333	0	0.5	8	167	1
0	0.166666666666667	0	0.5	9	167	1
0.666666666666667	0.833333333333333	0	1	14	167	1
0.666666666666667	0.833333333333333	0	0.5	17	167	1
0.5	0.666666666666667	0	0.5	18	167	1
0.666666666666667	0.833333333333333	0	1	15	168	1
0.666666666666667	0.833333333333333	0	1	17	168	1
0.5	0.666666666666667	0	1	18	168	1
0.333333333333333	0.5	0	0.5	5	169	1
0.166666666666667	0.333333333333333	0	1	7	169	1
0	0.166666666666667	0	1	8	169	1
0.666666666666667	0.833333333333333	0	1	13	169	1
0.5	0.666666666666667	0	1	14	169	1
0.333333333333333	0.5	0	0.5	16	169	1
0.333333333333333	0.5	0	0.5	7	170	1
0.166666666666667	0.333333333333333	0	0.5	8	170	1
0	0.166666666666667	0	0.5	9	170	1
0.666666666666667	0.833333333333333	0	1	15	170	1
0.5	0.666666666666667	0	1	16	170	1
0.333333333333333	0.5	0	1	17	170	1
0.166666666666667	0.333333333333333	0	0.5	8	171	1
0	0.166666666666667	0	0.5	9	171	1
0.666666666666667	0.833333333333333	0	1	15	171	1
0.5	0.666666666666667	0	1	16	171	1
0.333333333333333	0.5	0	0.5	18	171	1
0.666666666666667	0.833333333333333	0	1	16	172	1
0.5	0.666666666666667	0	1	17	172	1
0.333333333333333	0.5	0	1	18	172	1
0.166666666666667	0.333333333333333	0	1	5	173	1
0	0.166666666666667	0	1	6	173	1
0.833333333333333	1	0	1	11	173	1
0.666666666666667	0.833333333333333	0	1	12	173	1
0.5	0.666666666666667	0	0.5	14	173	1
0.333333333333333	0.5	0	0.5	15	173	1
0.166666666666667	0.333333333333333	0	0.5	6	174	1
0	0.166666666666667	0	0.5	7	174	1
0.833333333333333	1	0	1	13	174	1
0.666666666666667	0.833333333333333	0	1	14	174	1
0.5	0.666666666666667	0	1	15	174	1
0.333333333333333	0.5	0	1	16	174	1
0.166666666666667	0.333333333333333	0	0.5	6	175	1
0	0.166666666666667	0	0.5	7	175	1
0.833333333333333	1	0	1	13	175	1
0.666666666666667	0.833333333333333	0	1	14	175	1
0.5	0.666666666666667	0	0.5	16	175	1
0.333333333333333	0.5	0	0.5	17	175	1
0.833333333333333	1	0	1	14	176	1
0.666666666666667	0.833333333333333	0	1	15	176	1
0.5	0.666666666666667	0	1	16	176	1
0.333333333333333	0.5	0	1	17	176	1
0.333333333333333	0.5	0	0.5	5	177	1
0.166666666666667	0.333333333333333	0	1	7	177	1
0	0.166666666666667	0	1	8	177	1
0.5	0.666666666666667	0	1	11	177	1
0.5	0.666666666666667	0	0.5	14	177	1
0.333333333333333	0.5	0	0.5	7	178	1
0.166666666666667	0.333333333333333	0	0.5	8	178	1
0	0.166666666666667	0	0.5	9	178	1
0.5	0.666666666666667	0	1	13	178	1
0.5	0.666666666666667	0	1	15	178	1
0.833333333333333	1	0	0.5	20	178	1
0.166666666666667	0.333333333333333	0	0.5	8	179	1
0	0.166666666666667	0	0.5	9	179	1
0.5	0.666666666666667	0	1	13	179	1
0.5	0.666666666666667	0	0.5	16	179	1
0.833333333333333	1	0	0.5	20	179	1
0.5	0.666666666666667	0	1	14	180	1
0.5	0.666666666666667	0	1	16	180	1
0.833333333333333	1	0	1	20	180	1
0.166666666666667	0.333333333333333	0	1	5	181	1
0	0.166666666666667	0	1	6	181	1
0.666666666666667	0.833333333333333	0	1	9	181	1
0.666666666666667	0.833333333333333	0	0.5	12	181	1
0.5	0.666666666666667	0	0.5	13	181	1
0.166666666666667	0.333333333333333	0	0.5	6	182	1
0	0.166666666666667	0	0.5	7	182	1
0.666666666666667	0.833333333333333	0	1	11	182	1
0.666666666666667	0.833333333333333	0	1	13	182	1
0.5	0.666666666666667	0	1	14	182	1
0.666666666666667	0.833333333333333	0	0.5	18	182	1
0.166666666666667	0.333333333333333	0	0.5	6	183	1
0	0.166666666666667	0	0.5	7	183	1
0.666666666666667	0.833333333333333	0	1	11	183	1
0.666666666666667	0.833333333333333	0	0.5	14	183	1
0.5	0.666666666666667	0	0.5	15	183	1
0.666666666666667	0.833333333333333	0	0.5	18	183	1
0.666666666666667	0.833333333333333	0	1	12	184	1
0.666666666666667	0.833333333333333	0	1	14	184	1
0.5	0.666666666666667	0	1	15	184	1
0.666666666666667	0.833333333333333	0	1	18	184	1
0.166666666666667	0.333333333333333	0	0.5	4	185	1
0	0.166666666666667	0	1	6	185	1
0.666666666666667	0.833333333333333	0	1	10	185	1
0.5	0.666666666666667	0	1	11	185	1
0.333333333333333	0.5	0	0.5	13	185	1
0.166666666666667	0.333333333333333	0	0.5	6	186	1
0	0.166666666666667	0	0.5	7	186	1
0.666666666666667	0.833333333333333	0	1	12	186	1
0.5	0.666666666666667	0	1	13	186	1
0.333333333333333	0.5	0	1	14	186	1
0.833333333333333	1	0	0.5	20	186	1
0	0.166666666666667	0	0.5	7	187	1
0.666666666666667	0.833333333333333	0	1	12	187	1
0.5	0.666666666666667	0	1	13	187	1
0.333333333333333	0.5	0	0.5	15	187	1
0.833333333333333	1	0	0.5	20	187	1
0.666666666666667	0.833333333333333	0	1	13	188	1
0.5	0.666666666666667	0	1	14	188	1
0.333333333333333	0.5	0	1	15	188	1
0.833333333333333	1	0	1	20	188	1
0	0.166666666666667	0	1	4	189	1
0.833333333333333	1	0	1	8	189	1
0.666666666666667	0.833333333333333	0	1	9	189	1
0.5	0.666666666666667	0	0.5	11	189	1
0.333333333333333	0.5	0	0.5	12	189	1
0	0.166666666666667	0	0.5	5	190	1
0.833333333333333	1	0	1	10	190	1
0.666666666666667	0.833333333333333	0	1	11	190	1
0.5	0.666666666666667	0	1	12	190	1
0.333333333333333	0.5	0	1	13	190	1
0.666666666666667	0.833333333333333	0	0.5	18	190	1
0	0.166666666666667	0	0.5	5	191	1
0.833333333333333	1	0	1	10	191	1
0.666666666666667	0.833333333333333	0	1	11	191	1
0.5	0.666666666666667	0	0.5	13	191	1
0.333333333333333	0.5	0	0.5	14	191	1
0.666666666666667	0.833333333333333	0	0.5	18	191	1
0.833333333333333	1	0	1	11	192	1
0.666666666666667	0.833333333333333	0	1	12	192	1
0.5	0.666666666666667	0	1	13	192	1
0.333333333333333	0.5	0	1	14	192	1
0.666666666666667	0.833333333333333	0	1	18	192	1
0.5	0.666666666666667	0	0.5	6	193	1
0.333333333333333	0.5	0	1	8	193	1
0.166666666666667	0.333333333333333	0	1	9	193	1
0	0.166666666666667	0	1	10	193	1
0.5	0.666666666666667	0	1	14	193	1
0.833333333333333	1	0	1	22	193	1
0.5	0.666666666666667	0	0.5	8	194	1
0.333333333333333	0.5	0	0.5	9	194	1
0.166666666666667	0.333333333333333	0	0.5	10	194	1
0	0.166666666666667	0	0.5	11	194	1
0.5	0.666666666666667	0	1	16	194	1
0.833333333333333	1	0	1	22	194	1
0.333333333333333	0.5	0	0.5	9	195	1
0.166666666666667	0.333333333333333	0	0.5	10	195	1
0	0.166666666666667	0	0.5	11	195	1
0.5	0.666666666666667	0	1	16	195	1
0.833333333333333	1	0	1	22	195	1
0.5	0.666666666666667	0	1	17	196	1
0.833333333333333	1	0	1	21	196	1
0.333333333333333	0.5	0	1	6	197	1
0.166666666666667	0.333333333333333	0	1	7	197	1
0	0.166666666666667	0	1	8	197	1
0.666666666666667	0.833333333333333	0	1	12	197	1
0.666666666666667	0.833333333333333	0	0.5	15	197	1
0.833333333333333	1	0	1	21	197	1
0.333333333333333	0.5	0	0.5	7	198	1
0.166666666666667	0.333333333333333	0	0.5	8	198	1
0	0.166666666666667	0	0.5	9	198	1
0.666666666666667	0.833333333333333	0	1	14	198	1
0.666666666666667	0.833333333333333	0	1	16	198	1
0.833333333333333	1	0	1	21	198	1
0.333333333333333	0.5	0	0.5	7	199	1
0.166666666666667	0.333333333333333	0	0.5	8	199	1
0	0.166666666666667	0	0.5	9	199	1
0.666666666666667	0.833333333333333	0	1	14	199	1
0.666666666666667	0.833333333333333	0	0.5	17	199	1
0.833333333333333	1	0	1	21	199	1
0.666666666666667	0.833333333333333	0	1	15	200	1
0.666666666666667	0.833333333333333	0	1	17	200	1
0.833333333333333	1	0	1	20	200	1
0.333333333333333	0.5	0	0.5	5	201	1
0.166666666666667	0.333333333333333	0	1	7	201	1
0	0.166666666666667	0	1	8	201	1
0.666666666666667	0.833333333333333	0	1	13	201	1
0.5	0.666666666666667	0	1	14	201	1
0.833333333333333	1	0	1	22	201	1
0.333333333333333	0.5	0	0.5	7	202	1
0.166666666666667	0.333333333333333	0	0.5	8	202	1
0	0.166666666666667	0	0.5	9	202	1
0.666666666666667	0.833333333333333	0	1	15	202	1
0.5	0.666666666666667	0	1	16	202	1
0.833333333333333	1	0	1	22	202	1
0.166666666666667	0.333333333333333	0	0.5	8	203	1
0	0.166666666666667	0	0.5	9	203	1
0.666666666666667	0.833333333333333	0	1	15	203	1
0.5	0.666666666666667	0	1	16	203	1
0.833333333333333	1	0	1	22	203	1
0.666666666666667	0.833333333333333	0	1	16	204	1
0.5	0.666666666666667	0	1	17	204	1
0.833333333333333	1	0	1	21	204	1
0.166666666666667	0.333333333333333	0	1	5	205	1
0	0.166666666666667	0	1	6	205	1
0.833333333333333	1	0	1	11	205	1
0.666666666666667	0.833333333333333	0	1	12	205	1
0.5	0.666666666666667	0	0.5	14	205	1
0.833333333333333	1	0	1	21	205	1
0.166666666666667	0.333333333333333	0	0.5	6	206	1
0	0.166666666666667	0	0.5	7	206	1
0.833333333333333	1	0	1	13	206	1
0.666666666666667	0.833333333333333	0	1	14	206	1
0.5	0.666666666666667	0	1	15	206	1
0.833333333333333	1	0	1	21	206	1
0.166666666666667	0.333333333333333	0	0.5	6	207	1
0	0.166666666666667	0	0.5	7	207	1
0.833333333333333	1	0	1	13	207	1
0.666666666666667	0.833333333333333	0	1	14	207	1
0.5	0.666666666666667	0	0.5	16	207	1
0.833333333333333	1	0	1	21	207	1
0.833333333333333	1	0	1	14	208	1
0.666666666666667	0.833333333333333	0	1	15	208	1
0.5	0.666666666666667	0	1	16	208	1
0.833333333333333	1	0	1	20	208	1
0.333333333333333	0.5	0	0.5	5	209	1
0.166666666666667	0.333333333333333	0	1	7	209	1
0	0.166666666666667	0	1	8	209	1
0.5	0.666666666666667	0	1	11	209	1
0.833333333333333	1	0	1	21	209	1
0.333333333333333	0.5	0	0.5	7	210	1
0.166666666666667	0.333333333333333	0	0.5	8	210	1
0	0.166666666666667	0	0.5	9	210	1
0.5	0.666666666666667	0	1	13	210	1
0.833333333333333	1	0	0.5	18	210	1
0.833333333333333	1	0	1	21	210	1
0.166666666666667	0.333333333333333	0	0.5	8	211	1
0	0.166666666666667	0	0.5	9	211	1
0.5	0.666666666666667	0	1	13	211	1
0.833333333333333	1	0	0.5	18	211	1
0.833333333333333	1	0	1	21	211	1
0.5	0.666666666666667	0	1	14	212	1
0.833333333333333	1	0	1	18	212	1
0.833333333333333	1	0	1	20	212	1
0.166666666666667	0.333333333333333	0	1	5	213	1
0	0.166666666666667	0	1	6	213	1
0.666666666666667	0.833333333333333	0	1	9	213	1
0.666666666666667	0.833333333333333	0	0.5	12	213	1
0.833333333333333	1	0	1	20	213	1
0.166666666666667	0.333333333333333	0	0.5	6	214	1
0	0.166666666666667	0	0.5	7	214	1
0.666666666666667	0.833333333333333	0	1	11	214	1
0.666666666666667	0.833333333333333	0	1	13	214	1
0.666666666666667	0.833333333333333	0	0.5	16	214	1
0.833333333333333	1	0	1	20	214	1
0.166666666666667	0.333333333333333	0	0.5	6	215	1
0	0.166666666666667	0	0.5	7	215	1
0.666666666666667	0.833333333333333	0	1	11	215	1
0.666666666666667	0.833333333333333	0	0.5	14	215	1
0.666666666666667	0.833333333333333	0	0.5	16	215	1
0.833333333333333	1	0	1	20	215	1
0.666666666666667	0.833333333333333	0	1	12	216	1
0.666666666666667	0.833333333333333	0	1	14	216	1
0.666666666666667	0.833333333333333	0	1	16	216	1
0.833333333333333	1	0	1	19	216	1
0.166666666666667	0.333333333333333	0	0.5	4	217	1
0	0.166666666666667	0	1	6	217	1
0.666666666666667	0.833333333333333	0	1	10	217	1
0.5	0.666666666666667	0	1	11	217	1
0.833333333333333	1	0	1	21	217	1
0.166666666666667	0.333333333333333	0	0.5	6	218	1
0	0.166666666666667	0	0.5	7	218	1
0.666666666666667	0.833333333333333	0	1	12	218	1
0.5	0.666666666666667	0	1	13	218	1
0.833333333333333	1	0	0.5	18	218	1
0.833333333333333	1	0	1	21	218	1
0	0.166666666666667	0	0.5	7	219	1
0.666666666666667	0.833333333333333	0	1	12	219	1
0.5	0.666666666666667	0	1	13	219	1
0.833333333333333	1	0	0.5	18	219	1
0.833333333333333	1	0	1	21	219	1
0.666666666666667	0.833333333333333	0	1	13	220	1
0.5	0.666666666666667	0	1	14	220	1
0.833333333333333	1	0	1	18	220	1
0.833333333333333	1	0	1	20	220	1
0	0.166666666666667	0	1	4	221	1
0.833333333333333	1	0	1	8	221	1
0.666666666666667	0.833333333333333	0	1	9	221	1
0.5	0.666666666666667	0	0.5	11	221	1
0.833333333333333	1	0	1	20	221	1
0	0.166666666666667	0	0.5	5	222	1
0.833333333333333	1	0	1	10	222	1
0.666666666666667	0.833333333333333	0	1	11	222	1
0.5	0.666666666666667	0	1	12	222	1
0.666666666666667	0.833333333333333	0	0.5	16	222	1
0.833333333333333	1	0	1	20	222	1
0	0.166666666666667	0	0.5	5	223	1
0.833333333333333	1	0	1	10	223	1
0.666666666666667	0.833333333333333	0	1	11	223	1
0.5	0.666666666666667	0	0.5	13	223	1
0.666666666666667	0.833333333333333	0	0.5	16	223	1
0.833333333333333	1	0	1	20	223	1
0.833333333333333	1	0	1	11	224	1
0.666666666666667	0.833333333333333	0	1	12	224	1
0.5	0.666666666666667	0	1	13	224	1
0.666666666666667	0.833333333333333	0	1	16	224	1
0.833333333333333	1	0	1	19	224	1
0.333333333333333	0.5	0	0.5	5	225	1
0.166666666666667	0.333333333333333	0	1	7	225	1
0	0.166666666666667	0	1	8	225	1
0.5	0.666666666666667	0	1	11	225	1
0.5	0.666666666666667	0	0.5	14	225	1
0.833333333333333	1	0	1	21	225	1
0.333333333333333	0.5	0	0.5	7	226	1
0.166666666666667	0.333333333333333	0	0.5	8	226	1
0	0.166666666666667	0	0.5	9	226	1
0.5	0.666666666666667	0	1	13	226	1
0.5	0.666666666666667	0	1	15	226	1
0.833333333333333	1	0	1	21	226	1
0.166666666666667	0.333333333333333	0	0.5	8	227	1
0	0.166666666666667	0	0.5	9	227	1
0.5	0.666666666666667	0	1	13	227	1
0.5	0.666666666666667	0	0.5	16	227	1
0.833333333333333	1	0	1	21	227	1
0.5	0.666666666666667	0	1	14	228	1
0.5	0.666666666666667	0	1	16	228	1
0.833333333333333	1	0	1	20	228	1
0.166666666666667	0.333333333333333	0	1	5	229	1
0	0.166666666666667	0	1	6	229	1
0.666666666666667	0.833333333333333	0	1	9	229	1
0.666666666666667	0.833333333333333	0	0.5	12	229	1
0.5	0.666666666666667	0	0.5	13	229	1
0.833333333333333	1	0	1	20	229	1
0.166666666666667	0.333333333333333	0	0.5	6	230	1
0	0.166666666666667	0	0.5	7	230	1
0.666666666666667	0.833333333333333	0	1	11	230	1
0.666666666666667	0.833333333333333	0	1	13	230	1
0.5	0.666666666666667	0	1	14	230	1
0.833333333333333	1	0	1	20	230	1
0.166666666666667	0.333333333333333	0	0.5	6	231	1
0	0.166666666666667	0	0.5	7	231	1
0.666666666666667	0.833333333333333	0	1	11	231	1
0.666666666666667	0.833333333333333	0	0.5	14	231	1
0.5	0.666666666666667	0	0.5	15	231	1
0.833333333333333	1	0	1	20	231	1
0.666666666666667	0.833333333333333	0	1	12	232	1
0.666666666666667	0.833333333333333	0	1	14	232	1
0.5	0.666666666666667	0	1	15	232	1
0.833333333333333	1	0	1	19	232	1
0.166666666666667	0.333333333333333	0	0.5	4	233	1
0	0.166666666666667	0	1	6	233	1
0.666666666666667	0.833333333333333	0	1	10	233	1
0.5	0.666666666666667	0	1	11	233	1
0.333333333333333	0.5	0	0.5	13	233	1
0.833333333333333	1	0	1	21	233	1
0.166666666666667	0.333333333333333	0	0.5	6	234	1
0	0.166666666666667	0	0.5	7	234	1
0.666666666666667	0.833333333333333	0	1	12	234	1
0.5	0.666666666666667	0	1	13	234	1
0.333333333333333	0.5	0	1	14	234	1
0.833333333333333	1	0	1	21	234	1
0	0.166666666666667	0	0.5	7	235	1
0.666666666666667	0.833333333333333	0	1	12	235	1
0.5	0.666666666666667	0	1	13	235	1
0.333333333333333	0.5	0	0.5	15	235	1
0.833333333333333	1	0	1	21	235	1
0.666666666666667	0.833333333333333	0	1	13	236	1
0.5	0.666666666666667	0	1	14	236	1
0.333333333333333	0.5	0	1	15	236	1
0.833333333333333	1	0	1	20	236	1
0	0.166666666666667	0	1	4	237	1
0.833333333333333	1	0	1	8	237	1
0.666666666666667	0.833333333333333	0	1	9	237	1
0.5	0.666666666666667	0	0.5	11	237	1
0.333333333333333	0.5	0	0.5	12	237	1
0.833333333333333	1	0	1	20	237	1
0	0.166666666666667	0	0.5	5	238	1
0.833333333333333	1	0	1	10	238	1
0.666666666666667	0.833333333333333	0	1	11	238	1
0.5	0.666666666666667	0	1	12	238	1
0.333333333333333	0.5	0	1	13	238	1
0.833333333333333	1	0	1	20	238	1
0	0.166666666666667	0	0.5	5	239	1
0.833333333333333	1	0	1	10	239	1
0.666666666666667	0.833333333333333	0	1	11	239	1
0.5	0.666666666666667	0	0.5	13	239	1
0.333333333333333	0.5	0	0.5	14	239	1
0.833333333333333	1	0	1	20	239	1
0.833333333333333	1	0	1	11	240	1
0.666666666666667	0.833333333333333	0	1	12	240	1
0.5	0.666666666666667	0	1	13	240	1
0.333333333333333	0.5	0	1	14	240	1
0.833333333333333	1	0	1	19	240	1
0.166666666666667	0.333333333333333	0	0.5	4	241	1
0	0.166666666666667	0	1	6	241	1
0.5	0.666666666666667	0	1	8	241	1
0.5	0.666666666666667	0	0.5	11	241	1
0.833333333333333	1	0	1	20	241	1
0.166666666666667	0.333333333333333	0	0.5	6	242	1
0	0.166666666666667	0	0.5	7	242	1
0.5	0.666666666666667	0	1	10	242	1
0.5	0.666666666666667	0	1	12	242	1
0.833333333333333	1	0	0.5	17	242	1
0.833333333333333	1	0	1	20	242	1
0	0.166666666666667	0	0.5	7	243	1
0.5	0.666666666666667	0	1	10	243	1
0.5	0.666666666666667	0	0.5	13	243	1
0.833333333333333	1	0	0.5	17	243	1
0.833333333333333	1	0	1	20	243	1
0.5	0.666666666666667	0	1	11	244	1
0.5	0.666666666666667	0	1	13	244	1
0.833333333333333	1	0	1	17	244	1
0.833333333333333	1	0	1	19	244	1
0	0.166666666666667	0	1	4	245	1
0.666666666666667	0.833333333333333	0	1	6	245	1
0.666666666666667	0.833333333333333	0	0.5	9	245	1
0.5	0.666666666666667	0	0.5	10	245	1
0.833333333333333	1	0	1	19	245	1
0	0.166666666666667	0	0.5	5	246	1
0.666666666666667	0.833333333333333	0	1	8	246	1
0.666666666666667	0.833333333333333	0	1	10	246	1
0.5	0.666666666666667	0	1	11	246	1
0.666666666666667	0.833333333333333	0	0.5	15	246	1
0.833333333333333	1	0	1	19	246	1
0	0.166666666666667	0	0.5	5	247	1
0.666666666666667	0.833333333333333	0	1	8	247	1
0.666666666666667	0.833333333333333	0	0.5	11	247	1
0.5	0.666666666666667	0	0.5	12	247	1
0.666666666666667	0.833333333333333	0	0.5	15	247	1
0.833333333333333	1	0	1	19	247	1
0.666666666666667	0.833333333333333	0	1	9	248	1
0.666666666666667	0.833333333333333	0	1	11	248	1
0.5	0.666666666666667	0	1	12	248	1
0.666666666666667	0.833333333333333	0	1	15	248	1
0.833333333333333	1	0	1	18	248	1
0	0.166666666666667	0	0.5	3	249	1
0.666666666666667	0.833333333333333	0	1	7	249	1
0.5	0.666666666666667	0	1	8	249	1
0.333333333333333	0.5	0	0.5	10	249	1
0.833333333333333	1	0	1	20	249	1
0	0.166666666666667	0	0.5	5	250	1
0.666666666666667	0.833333333333333	0	1	9	250	1
0.5	0.666666666666667	0	1	10	250	1
0.333333333333333	0.5	0	1	11	250	1
0.833333333333333	1	0	0.5	17	250	1
0.833333333333333	1	0	1	20	250	1
0.666666666666667	0.833333333333333	0	1	9	251	1
0.5	0.666666666666667	0	1	10	251	1
0.333333333333333	0.5	0	0.5	12	251	1
0.833333333333333	1	0	0.5	17	251	1
0.833333333333333	1	0	1	20	251	1
0.666666666666667	0.833333333333333	0	1	10	252	1
0.5	0.666666666666667	0	1	11	252	1
0.333333333333333	0.5	0	1	12	252	1
0.833333333333333	1	0	1	17	252	1
0.833333333333333	1	0	1	19	252	1
0.833333333333333	1	0	1	5	253	1
0.666666666666667	0.833333333333333	0	1	6	253	1
0.5	0.666666666666667	0	0.5	8	253	1
0.333333333333333	0.5	0	0.5	9	253	1
0.833333333333333	1	0	1	19	253	1
0.833333333333333	1	0	1	7	254	1
0.666666666666667	0.833333333333333	0	1	8	254	1
0.5	0.666666666666667	0	1	9	254	1
0.333333333333333	0.5	0	1	10	254	1
0.666666666666667	0.833333333333333	0	0.5	15	254	1
0.833333333333333	1	0	1	19	254	1
0.833333333333333	1	0	1	7	255	1
0.666666666666667	0.833333333333333	0	1	8	255	1
0.5	0.666666666666667	0	0.5	10	255	1
0.333333333333333	0.5	0	0.5	11	255	1
0.666666666666667	0.833333333333333	0	0.5	15	255	1
0.833333333333333	1	0	1	19	255	1
0.833333333333333	1	0	1	8	256	1
0.666666666666667	0.833333333333333	0	1	9	256	1
0.5	0.666666666666667	0	1	10	256	1
0.333333333333333	0.5	0	1	11	256	1
0.666666666666667	0.833333333333333	0	1	15	256	1
0.833333333333333	1	0	1	18	256	1
