x	y	key	label	showSelected2	PANEL	group
0.75	0.166666666666667	0.833333333333333 0.666666666666667 0.5	-0.083	1	1	9
0.75	0.416666666666667	0.833333333333333 0.666666666666667 1	-0.167	1	1	10
0.583333333333333	0.416666666666667	0.666666666666667 0.5 1	-0.167	1	1	8
0.416666666666667	0.416666666666667	0.5 0.333333333333333 1	-0.167	1	1	6
0.25	0.416666666666667	0.333333333333333 0.166666666666667 1	-0.167	1	1	4
0.0833333333333333	0.416666666666667	0.166666666666667 0 1	-0.167	1	1	2
0.75	0.166666666666667	0.833333333333333 0.666666666666667 0.5	-0.083	2	1	9
0.75	0.416666666666667	0.833333333333333 0.666666666666667 1	-0.167	2	1	10
0.583333333333333	0.416666666666667	0.666666666666667 0.5 1	-0.167	2	1	8
0.416666666666667	0.416666666666667	0.5 0.333333333333333 1	-0.167	2	1	6
0.25	0.416666666666667	0.333333333333333 0.166666666666667 1	-0.167	2	1	4
0.0833333333333333	0.416666666666667	0.166666666666667 0 1	-0.167	2	1	2
0.75	0.416666666666667	0.833333333333333 0.666666666666667 1	-0.167	3	1	10
0.583333333333333	0.416666666666667	0.666666666666667 0.5 1	-0.167	3	1	8
0.416666666666667	0.416666666666667	0.5 0.333333333333333 1	-0.167	3	1	6
0.25	0.416666666666667	0.333333333333333 0.166666666666667 1	-0.167	3	1	4
0.0833333333333333	0.416666666666667	0.166666666666667 0 1	-0.167	3	1	2
0.75	0.416666666666667	0.833333333333333 0.666666666666667 1	-0.167	4	1	10
0.583333333333333	0.416666666666667	0.666666666666667 0.5 1	-0.167	4	1	8
0.416666666666667	0.416666666666667	0.5 0.333333333333333 1	-0.167	4	1	6
0.25	0.416666666666667	0.333333333333333 0.166666666666667 1	-0.167	4	1	4
0.0833333333333333	0.416666666666667	0.166666666666667 0 1	-0.167	4	1	2
0.75	0.416666666666667	0.833333333333333 0.666666666666667 1	-0.167	5	1	10
0.583333333333333	0.416666666666667	0.666666666666667 0.5 1	-0.167	5	1	8
0.416666666666667	0.416666666666667	0.5 0.333333333333333 1	-0.167	5	1	6
0.25	0.416666666666667	0.333333333333333 0.166666666666667 1	-0.167	5	1	4
0.0833333333333333	0.416666666666667	0.166666666666667 0 1	-0.167	5	1	2
0.75	0.416666666666667	0.833333333333333 0.666666666666667 1	-0.167	6	1	10
0.583333333333333	0.416666666666667	0.666666666666667 0.5 1	-0.167	6	1	8
0.416666666666667	0.416666666666667	0.5 0.333333333333333 1	-0.167	6	1	6
0.25	0.416666666666667	0.333333333333333 0.166666666666667 1	-0.167	6	1	4
0.0833333333333333	0.416666666666667	0.166666666666667 0 1	-0.167	6	1	2
0.916666666666667	0.166666666666667	1 0.833333333333333 0.5	-0.083	6	1	11
0.75	0.416666666666667	0.833333333333333 0.666666666666667 1	-0.167	7	1	10
0.583333333333333	0.416666666666667	0.666666666666667 0.5 1	-0.167	7	1	8
0.416666666666667	0.416666666666667	0.5 0.333333333333333 1	-0.167	7	1	6
0.25	0.416666666666667	0.333333333333333 0.166666666666667 1	-0.167	7	1	4
0.0833333333333333	0.416666666666667	0.166666666666667 0 1	-0.167	7	1	2
0.916666666666667	0.166666666666667	1 0.833333333333333 0.5	-0.083	7	1	11
0.75	0.416666666666667	0.833333333333333 0.666666666666667 1	-0.167	8	1	10
0.583333333333333	0.416666666666667	0.666666666666667 0.5 1	-0.167	8	1	8
0.416666666666667	0.416666666666667	0.5 0.333333333333333 1	-0.167	8	1	6
0.25	0.416666666666667	0.333333333333333 0.166666666666667 1	-0.167	8	1	4
0.0833333333333333	0.416666666666667	0.166666666666667 0 1	-0.167	8	1	2
0.916666666666667	0.416666666666667	1 0.833333333333333 1	-0.167	8	1	12
0.583333333333333	0.166666666666667	0.666666666666667 0.5 0.5	-0.083	9	1	7
0.583333333333333	0.416666666666667	0.666666666666667 0.5 1	-0.167	9	1	8
0.416666666666667	0.416666666666667	0.5 0.333333333333333 1	-0.167	9	1	6
0.25	0.416666666666667	0.333333333333333 0.166666666666667 1	-0.167	9	1	4
0.0833333333333333	0.416666666666667	0.166666666666667 0 1	-0.167	9	1	2
0.916666666666667	0.166666666666667	1 0.833333333333333 0.5	-0.083	9	1	11
0.583333333333333	0.166666666666667	0.666666666666667 0.5 0.5	-0.083	10	1	7
0.583333333333333	0.416666666666667	0.666666666666667 0.5 1	-0.167	10	1	8
0.416666666666667	0.416666666666667	0.5 0.333333333333333 1	-0.167	10	1	6
0.25	0.416666666666667	0.333333333333333 0.166666666666667 1	-0.167	10	1	4
0.0833333333333333	0.416666666666667	0.166666666666667 0 1	-0.167	10	1	2
0.916666666666667	0.416666666666667	1 0.833333333333333 1	-0.167	10	1	12
0.583333333333333	0.416666666666667	0.666666666666667 0.5 1	-0.167	11	1	8
0.416666666666667	0.416666666666667	0.5 0.333333333333333 1	-0.167	11	1	6
0.25	0.416666666666667	0.333333333333333 0.166666666666667 1	-0.167	11	1	4
0.0833333333333333	0.416666666666667	0.166666666666667 0 1	-0.167	11	1	2
0.916666666666667	0.166666666666667	1 0.833333333333333 0.5	-0.083	11	1	11
0.583333333333333	0.416666666666667	0.666666666666667 0.5 1	-0.167	12	1	8
0.416666666666667	0.416666666666667	0.5 0.333333333333333 1	-0.167	12	1	6
0.25	0.416666666666667	0.333333333333333 0.166666666666667 1	-0.167	12	1	4
0.0833333333333333	0.416666666666667	0.166666666666667 0 1	-0.167	12	1	2
0.916666666666667	0.416666666666667	1 0.833333333333333 1	-0.167	12	1	12
0.583333333333333	0.416666666666667	0.666666666666667 0.5 1	-0.167	13	1	8
0.416666666666667	0.416666666666667	0.5 0.333333333333333 1	-0.167	13	1	6
0.25	0.416666666666667	0.333333333333333 0.166666666666667 1	-0.167	13	1	4
0.0833333333333333	0.416666666666667	0.166666666666667 0 1	-0.167	13	1	2
0.916666666666667	0.166666666666667	1 0.833333333333333 0.5	-0.083	13	1	11
0.583333333333333	0.416666666666667	0.666666666666667 0.5 1	-0.167	14	1	8
0.416666666666667	0.416666666666667	0.5 0.333333333333333 1	-0.167	14	1	6
0.25	0.416666666666667	0.333333333333333 0.166666666666667 1	-0.167	14	1	4
0.0833333333333333	0.416666666666667	0.166666666666667 0 1	-0.167	14	1	2
0.916666666666667	0.416666666666667	1 0.833333333333333 1	-0.167	14	1	12
0.75	0.166666666666667	0.833333333333333 0.666666666666667 0.5	-0.083	14	1	9
0.583333333333333	0.416666666666667	0.666666666666667 0.5 1	-0.167	15	1	8
0.416666666666667	0.416666666666667	0.5 0.333333333333333 1	-0.167	15	1	6
0.25	0.416666666666667	0.333333333333333 0.166666666666667 1	-0.167	15	1	4
0.0833333333333333	0.416666666666667	0.166666666666667 0 1	-0.167	15	1	2
0.916666666666667	0.166666666666667	1 0.833333333333333 0.5	-0.083	15	1	11
0.75	0.166666666666667	0.833333333333333 0.666666666666667 0.5	-0.083	15	1	9
0.583333333333333	0.416666666666667	0.666666666666667 0.5 1	-0.167	16	1	8
0.416666666666667	0.416666666666667	0.5 0.333333333333333 1	-0.167	16	1	6
0.25	0.416666666666667	0.333333333333333 0.166666666666667 1	-0.167	16	1	4
0.0833333333333333	0.416666666666667	0.166666666666667 0 1	-0.167	16	1	2
0.916666666666667	0.416666666666667	1 0.833333333333333 1	-0.167	16	1	12
0.75	0.416666666666667	0.833333333333333 0.666666666666667 1	-0.167	16	1	10
0.583333333333333	0.166666666666667	0.666666666666667 0.5 0.5	-0.083	17	1	7
0.583333333333333	0.416666666666667	0.666666666666667 0.5 1	-0.167	17	1	8
0.416666666666667	0.416666666666667	0.5 0.333333333333333 1	-0.167	17	1	6
0.25	0.416666666666667	0.333333333333333 0.166666666666667 1	-0.167	17	1	4
0.0833333333333333	0.416666666666667	0.166666666666667 0 1	-0.167	17	1	2
0.583333333333333	0.166666666666667	0.666666666666667 0.5 0.5	-0.083	18	1	7
0.583333333333333	0.416666666666667	0.666666666666667 0.5 1	-0.167	18	1	8
0.416666666666667	0.416666666666667	0.5 0.333333333333333 1	-0.167	18	1	6
0.25	0.416666666666667	0.333333333333333 0.166666666666667 1	-0.167	18	1	4
0.0833333333333333	0.416666666666667	0.166666666666667 0 1	-0.167	18	1	2
0.916666666666667	0.166666666666667	1 0.833333333333333 0.5	-0.083	18	1	11
0.583333333333333	0.416666666666667	0.666666666666667 0.5 1	-0.167	19	1	8
0.416666666666667	0.416666666666667	0.5 0.333333333333333 1	-0.167	19	1	6
0.25	0.416666666666667	0.333333333333333 0.166666666666667 1	-0.167	19	1	4
0.0833333333333333	0.416666666666667	0.166666666666667 0 1	-0.167	19	1	2
0.916666666666667	0.166666666666667	1 0.833333333333333 0.5	-0.083	19	1	11
0.583333333333333	0.416666666666667	0.666666666666667 0.5 1	-0.167	20	1	8
0.416666666666667	0.416666666666667	0.5 0.333333333333333 1	-0.167	20	1	6
0.25	0.416666666666667	0.333333333333333 0.166666666666667 1	-0.167	20	1	4
0.0833333333333333	0.416666666666667	0.166666666666667 0 1	-0.167	20	1	2
0.916666666666667	0.416666666666667	1 0.833333333333333 1	-0.167	20	1	12
0.583333333333333	0.416666666666667	0.666666666666667 0.5 1	-0.167	21	1	8
0.416666666666667	0.416666666666667	0.5 0.333333333333333 1	-0.167	21	1	6
0.25	0.416666666666667	0.333333333333333 0.166666666666667 1	-0.167	21	1	4
0.0833333333333333	0.416666666666667	0.166666666666667 0 1	-0.167	21	1	2
0.583333333333333	0.416666666666667	0.666666666666667 0.5 1	-0.167	22	1	8
0.416666666666667	0.416666666666667	0.5 0.333333333333333 1	-0.167	22	1	6
0.25	0.416666666666667	0.333333333333333 0.166666666666667 1	-0.167	22	1	4
0.0833333333333333	0.416666666666667	0.166666666666667 0 1	-0.167	22	1	2
0.916666666666667	0.166666666666667	1 0.833333333333333 0.5	-0.083	22	1	11
0.75	0.166666666666667	0.833333333333333 0.666666666666667 0.5	-0.083	22	1	9
0.583333333333333	0.416666666666667	0.666666666666667 0.5 1	-0.167	23	1	8
0.416666666666667	0.416666666666667	0.5 0.333333333333333 1	-0.167	23	1	6
0.25	0.416666666666667	0.333333333333333 0.166666666666667 1	-0.167	23	1	4
0.0833333333333333	0.416666666666667	0.166666666666667 0 1	-0.167	23	1	2
0.916666666666667	0.166666666666667	1 0.833333333333333 0.5	-0.083	23	1	11
0.75	0.166666666666667	0.833333333333333 0.666666666666667 0.5	-0.083	23	1	9
0.583333333333333	0.416666666666667	0.666666666666667 0.5 1	-0.167	24	1	8
0.416666666666667	0.416666666666667	0.5 0.333333333333333 1	-0.167	24	1	6
0.25	0.416666666666667	0.333333333333333 0.166666666666667 1	-0.167	24	1	4
0.0833333333333333	0.416666666666667	0.166666666666667 0 1	-0.167	24	1	2
0.916666666666667	0.416666666666667	1 0.833333333333333 1	-0.167	24	1	12
0.75	0.416666666666667	0.833333333333333 0.666666666666667 1	-0.167	24	1	10
0.416666666666667	0.166666666666667	0.5 0.333333333333333 0.5	-0.083	25	1	5
0.416666666666667	0.416666666666667	0.5 0.333333333333333 1	-0.167	25	1	6
0.25	0.416666666666667	0.333333333333333 0.166666666666667 1	-0.167	25	1	4
0.0833333333333333	0.416666666666667	0.166666666666667 0 1	-0.167	25	1	2
0.916666666666667	0.166666666666667	1 0.833333333333333 0.5	-0.083	25	1	11
0.416666666666667	0.166666666666667	0.5 0.333333333333333 0.5	-0.083	26	1	5
0.416666666666667	0.416666666666667	0.5 0.333333333333333 1	-0.167	26	1	6
0.25	0.416666666666667	0.333333333333333 0.166666666666667 1	-0.167	26	1	4
0.0833333333333333	0.416666666666667	0.166666666666667 0 1	-0.167	26	1	2
0.916666666666667	0.416666666666667	1 0.833333333333333 1	-0.167	26	1	12
0.916666666666667	0.166666666666667	1 0.833333333333333 0.5	-0.083	26	1	11
0.416666666666667	0.416666666666667	0.5 0.333333333333333 1	-0.167	27	1	6
0.25	0.416666666666667	0.333333333333333 0.166666666666667 1	-0.167	27	1	4
0.0833333333333333	0.416666666666667	0.166666666666667 0 1	-0.167	27	1	2
0.916666666666667	0.166666666666667	1 0.833333333333333 0.5	-0.167	27	1	11
0.416666666666667	0.416666666666667	0.5 0.333333333333333 1	-0.167	28	1	6
0.25	0.416666666666667	0.333333333333333 0.166666666666667 1	-0.167	28	1	4
0.0833333333333333	0.416666666666667	0.166666666666667 0 1	-0.167	28	1	2
0.916666666666667	0.416666666666667	1 0.833333333333333 1	-0.333	28	1	12
0.416666666666667	0.416666666666667	0.5 0.333333333333333 1	-0.167	29	1	6
0.25	0.416666666666667	0.333333333333333 0.166666666666667 1	-0.167	29	1	4
0.0833333333333333	0.416666666666667	0.166666666666667 0 1	-0.167	29	1	2
0.916666666666667	0.166666666666667	1 0.833333333333333 0.5	-0.083	29	1	11
0.416666666666667	0.416666666666667	0.5 0.333333333333333 1	-0.167	30	1	6
0.25	0.416666666666667	0.333333333333333 0.166666666666667 1	-0.167	30	1	4
0.0833333333333333	0.416666666666667	0.166666666666667 0 1	-0.167	30	1	2
0.916666666666667	0.416666666666667	1 0.833333333333333 1	-0.167	30	1	12
0.75	0.166666666666667	0.833333333333333 0.666666666666667 0.5	-0.167	30	1	9
0.416666666666667	0.416666666666667	0.5 0.333333333333333 1	-0.167	31	1	6
0.25	0.416666666666667	0.333333333333333 0.166666666666667 1	-0.167	31	1	4
0.0833333333333333	0.416666666666667	0.166666666666667 0 1	-0.167	31	1	2
0.916666666666667	0.166666666666667	1 0.833333333333333 0.5	-0.083	31	1	11
0.75	0.166666666666667	0.833333333333333 0.666666666666667 0.5	-0.167	31	1	9
0.416666666666667	0.416666666666667	0.5 0.333333333333333 1	-0.167	32	1	6
0.25	0.416666666666667	0.333333333333333 0.166666666666667 1	-0.167	32	1	4
0.0833333333333333	0.416666666666667	0.166666666666667 0 1	-0.167	32	1	2
0.916666666666667	0.416666666666667	1 0.833333333333333 1	-0.167	32	1	12
0.75	0.416666666666667	0.833333333333333 0.666666666666667 1	-0.333	32	1	10
0.583333333333333	0.166666666666667	0.666666666666667 0.5 0.5	-0.083	33	1	7
0.583333333333333	0.416666666666667	0.666666666666667 0.5 1	-0.167	33	1	8
0.416666666666667	0.416666666666667	0.5 0.333333333333333 1	-0.167	33	1	6
0.25	0.416666666666667	0.333333333333333 0.166666666666667 1	-0.167	33	1	4
0.0833333333333333	0.416666666666667	0.166666666666667 0 1	-0.167	33	1	2
0.916666666666667	0.166666666666667	1 0.833333333333333 0.5	-0.083	33	1	11
0.583333333333333	0.166666666666667	0.666666666666667 0.5 0.5	-0.083	34	1	7
0.583333333333333	0.416666666666667	0.666666666666667 0.5 1	-0.167	34	1	8
0.416666666666667	0.416666666666667	0.5 0.333333333333333 1	-0.167	34	1	6
0.25	0.416666666666667	0.333333333333333 0.166666666666667 1	-0.167	34	1	4
0.0833333333333333	0.416666666666667	0.166666666666667 0 1	-0.167	34	1	2
0.916666666666667	0.416666666666667	1 0.833333333333333 1	-0.167	34	1	12
0.583333333333333	0.416666666666667	0.666666666666667 0.5 1	-0.167	35	1	8
0.416666666666667	0.416666666666667	0.5 0.333333333333333 1	-0.167	35	1	6
0.25	0.416666666666667	0.333333333333333 0.166666666666667 1	-0.167	35	1	4
0.0833333333333333	0.416666666666667	0.166666666666667 0 1	-0.167	35	1	2
0.916666666666667	0.166666666666667	1 0.833333333333333 0.5	-0.083	35	1	11
0.583333333333333	0.416666666666667	0.666666666666667 0.5 1	-0.167	36	1	8
0.416666666666667	0.416666666666667	0.5 0.333333333333333 1	-0.167	36	1	6
0.25	0.416666666666667	0.333333333333333 0.166666666666667 1	-0.167	36	1	4
0.0833333333333333	0.416666666666667	0.166666666666667 0 1	-0.167	36	1	2
0.916666666666667	0.416666666666667	1 0.833333333333333 1	-0.167	36	1	12
0.583333333333333	0.416666666666667	0.666666666666667 0.5 1	-0.167	37	1	8
0.416666666666667	0.416666666666667	0.5 0.333333333333333 1	-0.167	37	1	6
0.25	0.416666666666667	0.333333333333333 0.166666666666667 1	-0.167	37	1	4
0.0833333333333333	0.416666666666667	0.166666666666667 0 1	-0.167	37	1	2
0.916666666666667	0.166666666666667	1 0.833333333333333 0.5	-0.083	37	1	11
0.583333333333333	0.416666666666667	0.666666666666667 0.5 1	-0.167	38	1	8
0.416666666666667	0.416666666666667	0.5 0.333333333333333 1	-0.167	38	1	6
0.25	0.416666666666667	0.333333333333333 0.166666666666667 1	-0.167	38	1	4
0.0833333333333333	0.416666666666667	0.166666666666667 0 1	-0.167	38	1	2
0.916666666666667	0.416666666666667	1 0.833333333333333 1	-0.167	38	1	12
0.75	0.166666666666667	0.833333333333333 0.666666666666667 0.5	-0.083	38	1	9
0.583333333333333	0.416666666666667	0.666666666666667 0.5 1	-0.167	39	1	8
0.416666666666667	0.416666666666667	0.5 0.333333333333333 1	-0.167	39	1	6
0.25	0.416666666666667	0.333333333333333 0.166666666666667 1	-0.167	39	1	4
0.0833333333333333	0.416666666666667	0.166666666666667 0 1	-0.167	39	1	2
0.916666666666667	0.166666666666667	1 0.833333333333333 0.5	-0.083	39	1	11
0.75	0.166666666666667	0.833333333333333 0.666666666666667 0.5	-0.083	39	1	9
0.583333333333333	0.416666666666667	0.666666666666667 0.5 1	-0.167	40	1	8
0.416666666666667	0.416666666666667	0.5 0.333333333333333 1	-0.167	40	1	6
0.25	0.416666666666667	0.333333333333333 0.166666666666667 1	-0.167	40	1	4
0.0833333333333333	0.416666666666667	0.166666666666667 0 1	-0.167	40	1	2
0.916666666666667	0.416666666666667	1 0.833333333333333 1	-0.167	40	1	12
0.75	0.416666666666667	0.833333333333333 0.666666666666667 1	-0.167	40	1	10
0.416666666666667	0.166666666666667	0.5 0.333333333333333 0.5	-0.083	41	1	5
0.416666666666667	0.416666666666667	0.5 0.333333333333333 1	-0.167	41	1	6
0.25	0.416666666666667	0.333333333333333 0.166666666666667 1	-0.167	41	1	4
0.0833333333333333	0.416666666666667	0.166666666666667 0 1	-0.167	41	1	2
0.916666666666667	0.166666666666667	1 0.833333333333333 0.5	-0.083	41	1	11
0.75	0.166666666666667	0.833333333333333 0.666666666666667 0.5	-0.083	41	1	9
0.416666666666667	0.166666666666667	0.5 0.333333333333333 0.5	-0.083	42	1	5
0.416666666666667	0.416666666666667	0.5 0.333333333333333 1	-0.167	42	1	6
0.25	0.416666666666667	0.333333333333333 0.166666666666667 1	-0.167	42	1	4
0.0833333333333333	0.416666666666667	0.166666666666667 0 1	-0.167	42	1	2
0.916666666666667	0.416666666666667	1 0.833333333333333 1	-0.167	42	1	12
0.75	0.416666666666667	0.833333333333333 0.666666666666667 1	-0.167	42	1	10
0.416666666666667	0.416666666666667	0.5 0.333333333333333 1	-0.167	43	1	6
0.25	0.416666666666667	0.333333333333333 0.166666666666667 1	-0.167	43	1	4
0.0833333333333333	0.416666666666667	0.166666666666667 0 1	-0.167	43	1	2
0.916666666666667	0.166666666666667	1 0.833333333333333 0.5	-0.083	43	1	11
0.75	0.166666666666667	0.833333333333333 0.666666666666667 0.5	-0.083	43	1	9
0.416666666666667	0.416666666666667	0.5 0.333333333333333 1	-0.167	44	1	6
0.25	0.416666666666667	0.333333333333333 0.166666666666667 1	-0.167	44	1	4
0.0833333333333333	0.416666666666667	0.166666666666667 0 1	-0.167	44	1	2
0.916666666666667	0.416666666666667	1 0.833333333333333 1	-0.167	44	1	12
0.75	0.416666666666667	0.833333333333333 0.666666666666667 1	-0.167	44	1	10
0.416666666666667	0.416666666666667	0.5 0.333333333333333 1	-0.167	45	1	6
0.25	0.416666666666667	0.333333333333333 0.166666666666667 1	-0.167	45	1	4
0.0833333333333333	0.416666666666667	0.166666666666667 0 1	-0.167	45	1	2
0.916666666666667	0.166666666666667	1 0.833333333333333 0.5	-0.083	45	1	11
0.75	0.166666666666667	0.833333333333333 0.666666666666667 0.5	-0.083	45	1	9
0.416666666666667	0.416666666666667	0.5 0.333333333333333 1	-0.167	46	1	6
0.25	0.416666666666667	0.333333333333333 0.166666666666667 1	-0.167	46	1	4
0.0833333333333333	0.416666666666667	0.166666666666667 0 1	-0.167	46	1	2
0.916666666666667	0.416666666666667	1 0.833333333333333 1	-0.167	46	1	12
0.75	0.416666666666667	0.833333333333333 0.666666666666667 1	-0.167	46	1	10
0.583333333333333	0.166666666666667	0.666666666666667 0.5 0.5	-0.083	46	1	7
0.416666666666667	0.416666666666667	0.5 0.333333333333333 1	-0.167	47	1	6
0.25	0.416666666666667	0.333333333333333 0.166666666666667 1	-0.167	47	1	4
0.0833333333333333	0.416666666666667	0.166666666666667 0 1	-0.167	47	1	2
0.916666666666667	0.166666666666667	1 0.833333333333333 0.5	-0.083	47	1	11
0.75	0.166666666666667	0.833333333333333 0.666666666666667 0.5	-0.083	47	1	9
0.583333333333333	0.166666666666667	0.666666666666667 0.5 0.5	-0.083	47	1	7
0.416666666666667	0.416666666666667	0.5 0.333333333333333 1	-0.167	48	1	6
0.25	0.416666666666667	0.333333333333333 0.166666666666667 1	-0.167	48	1	4
0.0833333333333333	0.416666666666667	0.166666666666667 0 1	-0.167	48	1	2
0.916666666666667	0.416666666666667	1 0.833333333333333 1	-0.167	48	1	12
0.75	0.416666666666667	0.833333333333333 0.666666666666667 1	-0.167	48	1	10
0.583333333333333	0.416666666666667	0.666666666666667 0.5 1	-0.167	48	1	8
0.416666666666667	0.166666666666667	0.5 0.333333333333333 0.5	-0.083	49	1	5
0.416666666666667	0.416666666666667	0.5 0.333333333333333 1	-0.167	49	1	6
0.25	0.416666666666667	0.333333333333333 0.166666666666667 1	-0.167	49	1	4
0.0833333333333333	0.416666666666667	0.166666666666667 0 1	-0.167	49	1	2
0.916666666666667	0.166666666666667	1 0.833333333333333 0.5	-0.083	49	1	11
0.416666666666667	0.166666666666667	0.5 0.333333333333333 0.5	-0.083	50	1	5
0.416666666666667	0.416666666666667	0.5 0.333333333333333 1	-0.167	50	1	6
0.25	0.416666666666667	0.333333333333333 0.166666666666667 1	-0.167	50	1	4
0.0833333333333333	0.416666666666667	0.166666666666667 0 1	-0.167	50	1	2
0.916666666666667	0.416666666666667	1 0.833333333333333 1	-0.167	50	1	12
0.916666666666667	0.166666666666667	1 0.833333333333333 0.5	-0.083	50	1	11
0.416666666666667	0.416666666666667	0.5 0.333333333333333 1	-0.167	51	1	6
0.25	0.416666666666667	0.333333333333333 0.166666666666667 1	-0.167	51	1	4
0.0833333333333333	0.416666666666667	0.166666666666667 0 1	-0.167	51	1	2
0.916666666666667	0.166666666666667	1 0.833333333333333 0.5	-0.167	51	1	11
0.416666666666667	0.416666666666667	0.5 0.333333333333333 1	-0.167	52	1	6
0.25	0.416666666666667	0.333333333333333 0.166666666666667 1	-0.167	52	1	4
0.0833333333333333	0.416666666666667	0.166666666666667 0 1	-0.167	52	1	2
0.916666666666667	0.416666666666667	1 0.833333333333333 1	-0.333	52	1	12
0.416666666666667	0.416666666666667	0.5 0.333333333333333 1	-0.167	53	1	6
0.25	0.416666666666667	0.333333333333333 0.166666666666667 1	-0.167	53	1	4
0.0833333333333333	0.416666666666667	0.166666666666667 0 1	-0.167	53	1	2
0.916666666666667	0.166666666666667	1 0.833333333333333 0.5	-0.083	53	1	11
0.416666666666667	0.416666666666667	0.5 0.333333333333333 1	-0.167	54	1	6
0.25	0.416666666666667	0.333333333333333 0.166666666666667 1	-0.167	54	1	4
0.0833333333333333	0.416666666666667	0.166666666666667 0 1	-0.167	54	1	2
0.916666666666667	0.416666666666667	1 0.833333333333333 1	-0.167	54	1	12
0.75	0.166666666666667	0.833333333333333 0.666666666666667 0.5	-0.167	54	1	9
0.416666666666667	0.416666666666667	0.5 0.333333333333333 1	-0.167	55	1	6
0.25	0.416666666666667	0.333333333333333 0.166666666666667 1	-0.167	55	1	4
0.0833333333333333	0.416666666666667	0.166666666666667 0 1	-0.167	55	1	2
0.916666666666667	0.166666666666667	1 0.833333333333333 0.5	-0.083	55	1	11
0.75	0.166666666666667	0.833333333333333 0.666666666666667 0.5	-0.167	55	1	9
0.416666666666667	0.416666666666667	0.5 0.333333333333333 1	-0.167	56	1	6
0.25	0.416666666666667	0.333333333333333 0.166666666666667 1	-0.167	56	1	4
0.0833333333333333	0.416666666666667	0.166666666666667 0 1	-0.167	56	1	2
0.916666666666667	0.416666666666667	1 0.833333333333333 1	-0.167	56	1	12
0.75	0.416666666666667	0.833333333333333 0.666666666666667 1	-0.333	56	1	10
0.25	0.166666666666667	0.333333333333333 0.166666666666667 0.5	-0.083	57	1	3
0.25	0.416666666666667	0.333333333333333 0.166666666666667 1	-0.167	57	1	4
0.0833333333333333	0.416666666666667	0.166666666666667 0 1	-0.167	57	1	2
0.916666666666667	0.166666666666667	1 0.833333333333333 0.5	-0.083	57	1	11
0.75	0.166666666666667	0.833333333333333 0.666666666666667 0.5	-0.083	57	1	9
0.25	0.166666666666667	0.333333333333333 0.166666666666667 0.5	-0.083	58	1	3
0.25	0.416666666666667	0.333333333333333 0.166666666666667 1	-0.167	58	1	4
0.0833333333333333	0.416666666666667	0.166666666666667 0 1	-0.167	58	1	2
0.916666666666667	0.416666666666667	1 0.833333333333333 1	-0.167	58	1	12
0.75	0.416666666666667	0.833333333333333 0.666666666666667 1	-0.167	58	1	10
0.916666666666667	0.166666666666667	1 0.833333333333333 0.5	-0.083	58	1	11
0.25	0.416666666666667	0.333333333333333 0.166666666666667 1	-0.167	59	1	4
0.0833333333333333	0.416666666666667	0.166666666666667 0 1	-0.167	59	1	2
0.916666666666667	0.166666666666667	1 0.833333333333333 0.5	-0.167	59	1	11
0.75	0.166666666666667	0.833333333333333 0.666666666666667 0.5	-0.083	59	1	9
0.25	0.416666666666667	0.333333333333333 0.166666666666667 1	-0.167	60	1	4
0.0833333333333333	0.416666666666667	0.166666666666667 0 1	-0.167	60	1	2
0.916666666666667	0.416666666666667	1 0.833333333333333 1	-0.333	60	1	12
0.75	0.416666666666667	0.833333333333333 0.666666666666667 1	-0.167	60	1	10
0.25	0.416666666666667	0.333333333333333 0.166666666666667 1	-0.167	61	1	4
0.0833333333333333	0.416666666666667	0.166666666666667 0 1	-0.167	61	1	2
0.916666666666667	0.166666666666667	1 0.833333333333333 0.5	-0.083	61	1	11
0.75	0.166666666666667	0.833333333333333 0.666666666666667 0.5	-0.083	61	1	9
0.25	0.416666666666667	0.333333333333333 0.166666666666667 1	-0.167	62	1	4
0.0833333333333333	0.416666666666667	0.166666666666667 0 1	-0.167	62	1	2
0.916666666666667	0.416666666666667	1 0.833333333333333 1	-0.167	62	1	12
0.75	0.416666666666667	0.833333333333333 0.666666666666667 1	-0.167	62	1	10
0.583333333333333	0.166666666666667	0.666666666666667 0.5 0.5	-0.083	62	1	7
0.75	0.166666666666667	0.833333333333333 0.666666666666667 0.5	-0.083	62	1	9
0.25	0.416666666666667	0.333333333333333 0.166666666666667 1	-0.167	63	1	4
0.0833333333333333	0.416666666666667	0.166666666666667 0 1	-0.167	63	1	2
0.916666666666667	0.166666666666667	1 0.833333333333333 0.5	-0.083	63	1	11
0.75	0.166666666666667	0.833333333333333 0.666666666666667 0.5	-0.167	63	1	9
0.583333333333333	0.166666666666667	0.666666666666667 0.5 0.5	-0.083	63	1	7
0.25	0.416666666666667	0.333333333333333 0.166666666666667 1	-0.167	64	1	4
0.0833333333333333	0.416666666666667	0.166666666666667 0 1	-0.167	64	1	2
0.916666666666667	0.416666666666667	1 0.833333333333333 1	-0.167	64	1	12
0.75	0.416666666666667	0.833333333333333 0.666666666666667 1	-0.333	64	1	10
0.583333333333333	0.416666666666667	0.666666666666667 0.5 1	-0.167	64	1	8
0.583333333333333	0.166666666666667	0.666666666666667 0.5 0.5	-0.083	65	1	7
0.583333333333333	0.416666666666667	0.666666666666667 0.5 1	-0.167	65	1	8
0.416666666666667	0.416666666666667	0.5 0.333333333333333 1	-0.167	65	1	6
0.25	0.416666666666667	0.333333333333333 0.166666666666667 1	-0.167	65	1	4
0.0833333333333333	0.416666666666667	0.166666666666667 0 1	-0.167	65	1	2
0.916666666666667	0.416666666666667	1 0.833333333333333 1	-0.167	65	1	12
0.583333333333333	0.166666666666667	0.666666666666667 0.5 0.5	-0.083	66	1	7
0.583333333333333	0.416666666666667	0.666666666666667 0.5 1	-0.167	66	1	8
0.416666666666667	0.416666666666667	0.5 0.333333333333333 1	-0.167	66	1	6
0.25	0.416666666666667	0.333333333333333 0.166666666666667 1	-0.167	66	1	4
0.0833333333333333	0.416666666666667	0.166666666666667 0 1	-0.167	66	1	2
0.916666666666667	0.416666666666667	1 0.833333333333333 1	-0.167	66	1	12
0.583333333333333	0.416666666666667	0.666666666666667 0.5 1	-0.167	67	1	8
0.416666666666667	0.416666666666667	0.5 0.333333333333333 1	-0.167	67	1	6
0.25	0.416666666666667	0.333333333333333 0.166666666666667 1	-0.167	67	1	4
0.0833333333333333	0.416666666666667	0.166666666666667 0 1	-0.167	67	1	2
0.916666666666667	0.416666666666667	1 0.833333333333333 1	-0.167	67	1	12
0.583333333333333	0.416666666666667	0.666666666666667 0.5 1	-0.167	68	1	8
0.416666666666667	0.416666666666667	0.5 0.333333333333333 1	-0.167	68	1	6
0.25	0.416666666666667	0.333333333333333 0.166666666666667 1	-0.167	68	1	4
0.0833333333333333	0.416666666666667	0.166666666666667 0 1	-0.167	68	1	2
0.916666666666667	0.416666666666667	1 0.833333333333333 1	-0.167	68	1	12
0.583333333333333	0.416666666666667	0.666666666666667 0.5 1	-0.167	69	1	8
0.416666666666667	0.416666666666667	0.5 0.333333333333333 1	-0.167	69	1	6
0.25	0.416666666666667	0.333333333333333 0.166666666666667 1	-0.167	69	1	4
0.0833333333333333	0.416666666666667	0.166666666666667 0 1	-0.167	69	1	2
0.916666666666667	0.416666666666667	1 0.833333333333333 1	-0.167	69	1	12
0.583333333333333	0.416666666666667	0.666666666666667 0.5 1	-0.167	70	1	8
0.416666666666667	0.416666666666667	0.5 0.333333333333333 1	-0.167	70	1	6
0.25	0.416666666666667	0.333333333333333 0.166666666666667 1	-0.167	70	1	4
0.0833333333333333	0.416666666666667	0.166666666666667 0 1	-0.167	70	1	2
0.916666666666667	0.166666666666667	1 0.833333333333333 0.5	-0.083	70	1	11
0.916666666666667	0.416666666666667	1 0.833333333333333 1	-0.167	70	1	12
0.583333333333333	0.416666666666667	0.666666666666667 0.5 1	-0.167	71	1	8
0.416666666666667	0.416666666666667	0.5 0.333333333333333 1	-0.167	71	1	6
0.25	0.416666666666667	0.333333333333333 0.166666666666667 1	-0.167	71	1	4
0.0833333333333333	0.416666666666667	0.166666666666667 0 1	-0.167	71	1	2
0.916666666666667	0.166666666666667	1 0.833333333333333 0.5	-0.083	71	1	11
0.916666666666667	0.416666666666667	1 0.833333333333333 1	-0.167	71	1	12
0.583333333333333	0.416666666666667	0.666666666666667 0.5 1	-0.167	72	1	8
0.416666666666667	0.416666666666667	0.5 0.333333333333333 1	-0.167	72	1	6
0.25	0.416666666666667	0.333333333333333 0.166666666666667 1	-0.167	72	1	4
0.0833333333333333	0.416666666666667	0.166666666666667 0 1	-0.167	72	1	2
0.916666666666667	0.416666666666667	1 0.833333333333333 1	-0.333	72	1	12
0.416666666666667	0.166666666666667	0.5 0.333333333333333 0.5	-0.083	73	1	5
0.416666666666667	0.416666666666667	0.5 0.333333333333333 1	-0.167	73	1	6
0.25	0.416666666666667	0.333333333333333 0.166666666666667 1	-0.167	73	1	4
0.0833333333333333	0.416666666666667	0.166666666666667 0 1	-0.167	73	1	2
0.916666666666667	0.166666666666667	1 0.833333333333333 0.5	-0.083	73	1	11
0.916666666666667	0.416666666666667	1 0.833333333333333 1	-0.167	73	1	12
0.416666666666667	0.166666666666667	0.5 0.333333333333333 0.5	-0.083	74	1	5
0.416666666666667	0.416666666666667	0.5 0.333333333333333 1	-0.167	74	1	6
0.25	0.416666666666667	0.333333333333333 0.166666666666667 1	-0.167	74	1	4
0.0833333333333333	0.416666666666667	0.166666666666667 0 1	-0.167	74	1	2
0.916666666666667	0.416666666666667	1 0.833333333333333 1	-0.333	74	1	12
0.416666666666667	0.416666666666667	0.5 0.333333333333333 1	-0.167	75	1	6
0.25	0.416666666666667	0.333333333333333 0.166666666666667 1	-0.167	75	1	4
0.0833333333333333	0.416666666666667	0.166666666666667 0 1	-0.167	75	1	2
0.916666666666667	0.166666666666667	1 0.833333333333333 0.5	-0.083	75	1	11
0.916666666666667	0.416666666666667	1 0.833333333333333 1	-0.167	75	1	12
0.416666666666667	0.416666666666667	0.5 0.333333333333333 1	-0.167	76	1	6
0.25	0.416666666666667	0.333333333333333 0.166666666666667 1	-0.167	76	1	4
0.0833333333333333	0.416666666666667	0.166666666666667 0 1	-0.167	76	1	2
0.916666666666667	0.416666666666667	1 0.833333333333333 1	-0.333	76	1	12
0.416666666666667	0.416666666666667	0.5 0.333333333333333 1	-0.167	77	1	6
0.25	0.416666666666667	0.333333333333333 0.166666666666667 1	-0.167	77	1	4
0.0833333333333333	0.416666666666667	0.166666666666667 0 1	-0.167	77	1	2
0.916666666666667	0.166666666666667	1 0.833333333333333 0.5	-0.083	77	1	11
0.916666666666667	0.416666666666667	1 0.833333333333333 1	-0.167	77	1	12
0.416666666666667	0.416666666666667	0.5 0.333333333333333 1	-0.167	78	1	6
0.25	0.416666666666667	0.333333333333333 0.166666666666667 1	-0.167	78	1	4
0.0833333333333333	0.416666666666667	0.166666666666667 0 1	-0.167	78	1	2
0.916666666666667	0.416666666666667	1 0.833333333333333 1	-0.333	78	1	12
0.75	0.166666666666667	0.833333333333333 0.666666666666667 0.5	-0.083	78	1	9
0.416666666666667	0.416666666666667	0.5 0.333333333333333 1	-0.167	79	1	6
0.25	0.416666666666667	0.333333333333333 0.166666666666667 1	-0.167	79	1	4
0.0833333333333333	0.416666666666667	0.166666666666667 0 1	-0.167	79	1	2
0.916666666666667	0.166666666666667	1 0.833333333333333 0.5	-0.083	79	1	11
0.75	0.166666666666667	0.833333333333333 0.666666666666667 0.5	-0.083	79	1	9
0.916666666666667	0.416666666666667	1 0.833333333333333 1	-0.167	79	1	12
0.416666666666667	0.416666666666667	0.5 0.333333333333333 1	-0.167	80	1	6
0.25	0.416666666666667	0.333333333333333 0.166666666666667 1	-0.167	80	1	4
0.0833333333333333	0.416666666666667	0.166666666666667 0 1	-0.167	80	1	2
0.916666666666667	0.416666666666667	1 0.833333333333333 1	-0.333	80	1	12
0.75	0.416666666666667	0.833333333333333 0.666666666666667 1	-0.167	80	1	10
0.416666666666667	0.166666666666667	0.5 0.333333333333333 0.5	-0.083	81	1	5
0.416666666666667	0.416666666666667	0.5 0.333333333333333 1	-0.167	81	1	6
0.25	0.416666666666667	0.333333333333333 0.166666666666667 1	-0.167	81	1	4
0.0833333333333333	0.416666666666667	0.166666666666667 0 1	-0.167	81	1	2
0.916666666666667	0.416666666666667	1 0.833333333333333 1	-0.167	81	1	12
0.416666666666667	0.166666666666667	0.5 0.333333333333333 0.5	-0.083	82	1	5
0.416666666666667	0.416666666666667	0.5 0.333333333333333 1	-0.167	82	1	6
0.25	0.416666666666667	0.333333333333333 0.166666666666667 1	-0.167	82	1	4
0.0833333333333333	0.416666666666667	0.166666666666667 0 1	-0.167	82	1	2
0.916666666666667	0.166666666666667	1 0.833333333333333 0.5	-0.083	82	1	11
0.916666666666667	0.416666666666667	1 0.833333333333333 1	-0.167	82	1	12
0.416666666666667	0.416666666666667	0.5 0.333333333333333 1	-0.167	83	1	6
0.25	0.416666666666667	0.333333333333333 0.166666666666667 1	-0.167	83	1	4
0.0833333333333333	0.416666666666667	0.166666666666667 0 1	-0.167	83	1	2
0.916666666666667	0.166666666666667	1 0.833333333333333 0.5	-0.083	83	1	11
0.916666666666667	0.416666666666667	1 0.833333333333333 1	-0.167	83	1	12
0.416666666666667	0.416666666666667	0.5 0.333333333333333 1	-0.167	84	1	6
0.25	0.416666666666667	0.333333333333333 0.166666666666667 1	-0.167	84	1	4
0.0833333333333333	0.416666666666667	0.166666666666667 0 1	-0.167	84	1	2
0.916666666666667	0.416666666666667	1 0.833333333333333 1	-0.333	84	1	12
0.416666666666667	0.416666666666667	0.5 0.333333333333333 1	-0.167	85	1	6
0.25	0.416666666666667	0.333333333333333 0.166666666666667 1	-0.167	85	1	4
0.0833333333333333	0.416666666666667	0.166666666666667 0 1	-0.167	85	1	2
0.916666666666667	0.416666666666667	1 0.833333333333333 1	-0.167	85	1	12
0.416666666666667	0.416666666666667	0.5 0.333333333333333 1	-0.167	86	1	6
0.25	0.416666666666667	0.333333333333333 0.166666666666667 1	-0.167	86	1	4
0.0833333333333333	0.416666666666667	0.166666666666667 0 1	-0.167	86	1	2
0.916666666666667	0.166666666666667	1 0.833333333333333 0.5	-0.083	86	1	11
0.75	0.166666666666667	0.833333333333333 0.666666666666667 0.5	-0.083	86	1	9
0.916666666666667	0.416666666666667	1 0.833333333333333 1	-0.167	86	1	12
0.416666666666667	0.416666666666667	0.5 0.333333333333333 1	-0.167	87	1	6
0.25	0.416666666666667	0.333333333333333 0.166666666666667 1	-0.167	87	1	4
0.0833333333333333	0.416666666666667	0.166666666666667 0 1	-0.167	87	1	2
0.916666666666667	0.166666666666667	1 0.833333333333333 0.5	-0.083	87	1	11
0.75	0.166666666666667	0.833333333333333 0.666666666666667 0.5	-0.083	87	1	9
0.916666666666667	0.416666666666667	1 0.833333333333333 1	-0.167	87	1	12
0.416666666666667	0.416666666666667	0.5 0.333333333333333 1	-0.167	88	1	6
0.25	0.416666666666667	0.333333333333333 0.166666666666667 1	-0.167	88	1	4
0.0833333333333333	0.416666666666667	0.166666666666667 0 1	-0.167	88	1	2
0.916666666666667	0.416666666666667	1 0.833333333333333 1	-0.333	88	1	12
0.75	0.416666666666667	0.833333333333333 0.666666666666667 1	-0.167	88	1	10
0.25	0.166666666666667	0.333333333333333 0.166666666666667 0.5	-0.083	89	1	3
0.25	0.416666666666667	0.333333333333333 0.166666666666667 1	-0.167	89	1	4
0.0833333333333333	0.416666666666667	0.166666666666667 0 1	-0.167	89	1	2
0.916666666666667	0.166666666666667	1 0.833333333333333 0.5	-0.083	89	1	11
0.916666666666667	0.416666666666667	1 0.833333333333333 1	-0.167	89	1	12
0.25	0.166666666666667	0.333333333333333 0.166666666666667 0.5	-0.083	90	1	3
0.25	0.416666666666667	0.333333333333333 0.166666666666667 1	-0.167	90	1	4
0.0833333333333333	0.416666666666667	0.166666666666667 0 1	-0.167	90	1	2
0.916666666666667	0.416666666666667	1 0.833333333333333 1	-0.333	90	1	12
0.916666666666667	0.166666666666667	1 0.833333333333333 0.5	-0.083	90	1	11
0.25	0.416666666666667	0.333333333333333 0.166666666666667 1	-0.167	91	1	4
0.0833333333333333	0.416666666666667	0.166666666666667 0 1	-0.167	91	1	2
0.916666666666667	0.166666666666667	1 0.833333333333333 0.5	-0.167	91	1	11
0.916666666666667	0.416666666666667	1 0.833333333333333 1	-0.167	91	1	12
0.25	0.416666666666667	0.333333333333333 0.166666666666667 1	-0.167	92	1	4
0.0833333333333333	0.416666666666667	0.166666666666667 0 1	-0.167	92	1	2
0.916666666666667	0.416666666666667	1 0.833333333333333 1	-0.500	92	1	12
0.25	0.416666666666667	0.333333333333333 0.166666666666667 1	-0.167	93	1	4
0.0833333333333333	0.416666666666667	0.166666666666667 0 1	-0.167	93	1	2
0.916666666666667	0.166666666666667	1 0.833333333333333 0.5	-0.083	93	1	11
0.916666666666667	0.416666666666667	1 0.833333333333333 1	-0.167	93	1	12
0.25	0.416666666666667	0.333333333333333 0.166666666666667 1	-0.167	94	1	4
0.0833333333333333	0.416666666666667	0.166666666666667 0 1	-0.167	94	1	2
0.916666666666667	0.416666666666667	1 0.833333333333333 1	-0.333	94	1	12
0.75	0.166666666666667	0.833333333333333 0.666666666666667 0.5	-0.167	94	1	9
0.25	0.416666666666667	0.333333333333333 0.166666666666667 1	-0.167	95	1	4
0.0833333333333333	0.416666666666667	0.166666666666667 0 1	-0.167	95	1	2
0.916666666666667	0.166666666666667	1 0.833333333333333 0.5	-0.083	95	1	11
0.75	0.166666666666667	0.833333333333333 0.666666666666667 0.5	-0.167	95	1	9
0.916666666666667	0.416666666666667	1 0.833333333333333 1	-0.167	95	1	12
0.25	0.416666666666667	0.333333333333333 0.166666666666667 1	-0.167	96	1	4
0.0833333333333333	0.416666666666667	0.166666666666667 0 1	-0.167	96	1	2
0.916666666666667	0.416666666666667	1 0.833333333333333 1	-0.333	96	1	12
0.75	0.416666666666667	0.833333333333333 0.666666666666667 1	-0.333	96	1	10
0.416666666666667	0.166666666666667	0.5 0.333333333333333 0.5	-0.083	97	1	5
0.416666666666667	0.416666666666667	0.5 0.333333333333333 1	-0.167	97	1	6
0.25	0.416666666666667	0.333333333333333 0.166666666666667 1	-0.167	97	1	4
0.0833333333333333	0.416666666666667	0.166666666666667 0 1	-0.167	97	1	2
0.916666666666667	0.166666666666667	1 0.833333333333333 0.5	-0.083	97	1	11
0.916666666666667	0.416666666666667	1 0.833333333333333 1	-0.167	97	1	12
0.416666666666667	0.166666666666667	0.5 0.333333333333333 0.5	-0.083	98	1	5
0.416666666666667	0.416666666666667	0.5 0.333333333333333 1	-0.167	98	1	6
0.25	0.416666666666667	0.333333333333333 0.166666666666667 1	-0.167	98	1	4
0.0833333333333333	0.416666666666667	0.166666666666667 0 1	-0.167	98	1	2
0.916666666666667	0.416666666666667	1 0.833333333333333 1	-0.333	98	1	12
0.416666666666667	0.416666666666667	0.5 0.333333333333333 1	-0.167	99	1	6
0.25	0.416666666666667	0.333333333333333 0.166666666666667 1	-0.167	99	1	4
0.0833333333333333	0.416666666666667	0.166666666666667 0 1	-0.167	99	1	2
0.916666666666667	0.166666666666667	1 0.833333333333333 0.5	-0.083	99	1	11
0.916666666666667	0.416666666666667	1 0.833333333333333 1	-0.167	99	1	12
0.416666666666667	0.416666666666667	0.5 0.333333333333333 1	-0.167	100	1	6
0.25	0.416666666666667	0.333333333333333 0.166666666666667 1	-0.167	100	1	4
0.0833333333333333	0.416666666666667	0.166666666666667 0 1	-0.167	100	1	2
0.916666666666667	0.416666666666667	1 0.833333333333333 1	-0.333	100	1	12
0.416666666666667	0.416666666666667	0.5 0.333333333333333 1	-0.167	101	1	6
0.25	0.416666666666667	0.333333333333333 0.166666666666667 1	-0.167	101	1	4
0.0833333333333333	0.416666666666667	0.166666666666667 0 1	-0.167	101	1	2
0.916666666666667	0.166666666666667	1 0.833333333333333 0.5	-0.083	101	1	11
0.916666666666667	0.416666666666667	1 0.833333333333333 1	-0.167	101	1	12
0.416666666666667	0.416666666666667	0.5 0.333333333333333 1	-0.167	102	1	6
0.25	0.416666666666667	0.333333333333333 0.166666666666667 1	-0.167	102	1	4
0.0833333333333333	0.416666666666667	0.166666666666667 0 1	-0.167	102	1	2
0.916666666666667	0.416666666666667	1 0.833333333333333 1	-0.333	102	1	12
0.75	0.166666666666667	0.833333333333333 0.666666666666667 0.5	-0.083	102	1	9
0.416666666666667	0.416666666666667	0.5 0.333333333333333 1	-0.167	103	1	6
0.25	0.416666666666667	0.333333333333333 0.166666666666667 1	-0.167	103	1	4
0.0833333333333333	0.416666666666667	0.166666666666667 0 1	-0.167	103	1	2
0.916666666666667	0.166666666666667	1 0.833333333333333 0.5	-0.083	103	1	11
0.75	0.166666666666667	0.833333333333333 0.666666666666667 0.5	-0.083	103	1	9
0.916666666666667	0.416666666666667	1 0.833333333333333 1	-0.167	103	1	12
0.416666666666667	0.416666666666667	0.5 0.333333333333333 1	-0.167	104	1	6
0.25	0.416666666666667	0.333333333333333 0.166666666666667 1	-0.167	104	1	4
0.0833333333333333	0.416666666666667	0.166666666666667 0 1	-0.167	104	1	2
0.916666666666667	0.416666666666667	1 0.833333333333333 1	-0.333	104	1	12
0.75	0.416666666666667	0.833333333333333 0.666666666666667 1	-0.167	104	1	10
0.25	0.166666666666667	0.333333333333333 0.166666666666667 0.5	-0.083	105	1	3
0.25	0.416666666666667	0.333333333333333 0.166666666666667 1	-0.167	105	1	4
0.0833333333333333	0.416666666666667	0.166666666666667 0 1	-0.167	105	1	2
0.916666666666667	0.166666666666667	1 0.833333333333333 0.5	-0.083	105	1	11
0.75	0.166666666666667	0.833333333333333 0.666666666666667 0.5	-0.083	105	1	9
0.916666666666667	0.416666666666667	1 0.833333333333333 1	-0.167	105	1	12
0.25	0.166666666666667	0.333333333333333 0.166666666666667 0.5	-0.083	106	1	3
0.25	0.416666666666667	0.333333333333333 0.166666666666667 1	-0.167	106	1	4
0.0833333333333333	0.416666666666667	0.166666666666667 0 1	-0.167	106	1	2
0.916666666666667	0.416666666666667	1 0.833333333333333 1	-0.333	106	1	12
0.75	0.416666666666667	0.833333333333333 0.666666666666667 1	-0.167	106	1	10
0.25	0.416666666666667	0.333333333333333 0.166666666666667 1	-0.167	107	1	4
0.0833333333333333	0.416666666666667	0.166666666666667 0 1	-0.167	107	1	2
0.916666666666667	0.166666666666667	1 0.833333333333333 0.5	-0.083	107	1	11
0.75	0.166666666666667	0.833333333333333 0.666666666666667 0.5	-0.083	107	1	9
0.916666666666667	0.416666666666667	1 0.833333333333333 1	-0.167	107	1	12
0.25	0.416666666666667	0.333333333333333 0.166666666666667 1	-0.167	108	1	4
0.0833333333333333	0.416666666666667	0.166666666666667 0 1	-0.167	108	1	2
0.916666666666667	0.416666666666667	1 0.833333333333333 1	-0.333	108	1	12
0.75	0.416666666666667	0.833333333333333 0.666666666666667 1	-0.167	108	1	10
0.25	0.416666666666667	0.333333333333333 0.166666666666667 1	-0.167	109	1	4
0.0833333333333333	0.416666666666667	0.166666666666667 0 1	-0.167	109	1	2
0.916666666666667	0.166666666666667	1 0.833333333333333 0.5	-0.083	109	1	11
0.75	0.166666666666667	0.833333333333333 0.666666666666667 0.5	-0.083	109	1	9
0.916666666666667	0.416666666666667	1 0.833333333333333 1	-0.167	109	1	12
0.25	0.416666666666667	0.333333333333333 0.166666666666667 1	-0.167	110	1	4
0.0833333333333333	0.416666666666667	0.166666666666667 0 1	-0.167	110	1	2
0.916666666666667	0.416666666666667	1 0.833333333333333 1	-0.333	110	1	12
0.75	0.416666666666667	0.833333333333333 0.666666666666667 1	-0.167	110	1	10
0.583333333333333	0.166666666666667	0.666666666666667 0.5 0.5	-0.083	110	1	7
0.25	0.416666666666667	0.333333333333333 0.166666666666667 1	-0.167	111	1	4
0.0833333333333333	0.416666666666667	0.166666666666667 0 1	-0.167	111	1	2
0.916666666666667	0.166666666666667	1 0.833333333333333 0.5	-0.083	111	1	11
0.75	0.166666666666667	0.833333333333333 0.666666666666667 0.5	-0.083	111	1	9
0.583333333333333	0.166666666666667	0.666666666666667 0.5 0.5	-0.083	111	1	7
0.916666666666667	0.416666666666667	1 0.833333333333333 1	-0.167	111	1	12
0.25	0.416666666666667	0.333333333333333 0.166666666666667 1	-0.167	112	1	4
0.0833333333333333	0.416666666666667	0.166666666666667 0 1	-0.167	112	1	2
0.916666666666667	0.416666666666667	1 0.833333333333333 1	-0.333	112	1	12
0.75	0.416666666666667	0.833333333333333 0.666666666666667 1	-0.167	112	1	10
0.583333333333333	0.416666666666667	0.666666666666667 0.5 1	-0.167	112	1	8
0.25	0.166666666666667	0.333333333333333 0.166666666666667 0.5	-0.083	113	1	3
0.25	0.416666666666667	0.333333333333333 0.166666666666667 1	-0.167	113	1	4
0.0833333333333333	0.416666666666667	0.166666666666667 0 1	-0.167	113	1	2
0.916666666666667	0.166666666666667	1 0.833333333333333 0.5	-0.083	113	1	11
0.916666666666667	0.416666666666667	1 0.833333333333333 1	-0.167	113	1	12
0.25	0.166666666666667	0.333333333333333 0.166666666666667 0.5	-0.083	114	1	3
0.25	0.416666666666667	0.333333333333333 0.166666666666667 1	-0.167	114	1	4
0.0833333333333333	0.416666666666667	0.166666666666667 0 1	-0.167	114	1	2
0.916666666666667	0.416666666666667	1 0.833333333333333 1	-0.333	114	1	12
0.916666666666667	0.166666666666667	1 0.833333333333333 0.5	-0.083	114	1	11
0.25	0.416666666666667	0.333333333333333 0.166666666666667 1	-0.167	115	1	4
0.0833333333333333	0.416666666666667	0.166666666666667 0 1	-0.167	115	1	2
0.916666666666667	0.166666666666667	1 0.833333333333333 0.5	-0.167	115	1	11
0.916666666666667	0.416666666666667	1 0.833333333333333 1	-0.167	115	1	12
0.25	0.416666666666667	0.333333333333333 0.166666666666667 1	-0.167	116	1	4
0.0833333333333333	0.416666666666667	0.166666666666667 0 1	-0.167	116	1	2
0.916666666666667	0.416666666666667	1 0.833333333333333 1	-0.500	116	1	12
0.25	0.416666666666667	0.333333333333333 0.166666666666667 1	-0.167	117	1	4
0.0833333333333333	0.416666666666667	0.166666666666667 0 1	-0.167	117	1	2
0.916666666666667	0.166666666666667	1 0.833333333333333 0.5	-0.083	117	1	11
0.916666666666667	0.416666666666667	1 0.833333333333333 1	-0.167	117	1	12
0.25	0.416666666666667	0.333333333333333 0.166666666666667 1	-0.167	118	1	4
0.0833333333333333	0.416666666666667	0.166666666666667 0 1	-0.167	118	1	2
0.916666666666667	0.416666666666667	1 0.833333333333333 1	-0.333	118	1	12
0.75	0.166666666666667	0.833333333333333 0.666666666666667 0.5	-0.167	118	1	9
0.25	0.416666666666667	0.333333333333333 0.166666666666667 1	-0.167	119	1	4
0.0833333333333333	0.416666666666667	0.166666666666667 0 1	-0.167	119	1	2
0.916666666666667	0.166666666666667	1 0.833333333333333 0.5	-0.083	119	1	11
0.75	0.166666666666667	0.833333333333333 0.666666666666667 0.5	-0.167	119	1	9
0.916666666666667	0.416666666666667	1 0.833333333333333 1	-0.167	119	1	12
0.25	0.416666666666667	0.333333333333333 0.166666666666667 1	-0.167	120	1	4
0.0833333333333333	0.416666666666667	0.166666666666667 0 1	-0.167	120	1	2
0.916666666666667	0.416666666666667	1 0.833333333333333 1	-0.333	120	1	12
0.75	0.416666666666667	0.833333333333333 0.666666666666667 1	-0.333	120	1	10
0.0833333333333333	0.166666666666667	0.166666666666667 0 0.5	-0.083	121	1	1
0.0833333333333333	0.416666666666667	0.166666666666667 0 1	-0.167	121	1	2
0.916666666666667	0.166666666666667	1 0.833333333333333 0.5	-0.083	121	1	11
0.75	0.166666666666667	0.833333333333333 0.666666666666667 0.5	-0.083	121	1	9
0.916666666666667	0.416666666666667	1 0.833333333333333 1	-0.167	121	1	12
0.0833333333333333	0.166666666666667	0.166666666666667 0 0.5	-0.083	122	1	1
0.0833333333333333	0.416666666666667	0.166666666666667 0 1	-0.167	122	1	2
0.916666666666667	0.416666666666667	1 0.833333333333333 1	-0.333	122	1	12
0.75	0.416666666666667	0.833333333333333 0.666666666666667 1	-0.167	122	1	10
0.916666666666667	0.166666666666667	1 0.833333333333333 0.5	-0.083	122	1	11
0.0833333333333333	0.416666666666667	0.166666666666667 0 1	-0.167	123	1	2
0.916666666666667	0.166666666666667	1 0.833333333333333 0.5	-0.167	123	1	11
0.75	0.166666666666667	0.833333333333333 0.666666666666667 0.5	-0.083	123	1	9
0.916666666666667	0.416666666666667	1 0.833333333333333 1	-0.167	123	1	12
0.0833333333333333	0.416666666666667	0.166666666666667 0 1	-0.167	124	1	2
0.916666666666667	0.416666666666667	1 0.833333333333333 1	-0.500	124	1	12
0.75	0.416666666666667	0.833333333333333 0.666666666666667 1	-0.167	124	1	10
0.0833333333333333	0.416666666666667	0.166666666666667 0 1	-0.167	125	1	2
0.916666666666667	0.166666666666667	1 0.833333333333333 0.5	-0.083	125	1	11
0.75	0.166666666666667	0.833333333333333 0.666666666666667 0.5	-0.083	125	1	9
0.916666666666667	0.416666666666667	1 0.833333333333333 1	-0.167	125	1	12
0.0833333333333333	0.416666666666667	0.166666666666667 0 1	-0.167	126	1	2
0.916666666666667	0.416666666666667	1 0.833333333333333 1	-0.333	126	1	12
0.75	0.416666666666667	0.833333333333333 0.666666666666667 1	-0.167	126	1	10
0.583333333333333	0.166666666666667	0.666666666666667 0.5 0.5	-0.083	126	1	7
0.75	0.166666666666667	0.833333333333333 0.666666666666667 0.5	-0.083	126	1	9
0.0833333333333333	0.416666666666667	0.166666666666667 0 1	-0.167	127	1	2
0.916666666666667	0.166666666666667	1 0.833333333333333 0.5	-0.083	127	1	11
0.75	0.166666666666667	0.833333333333333 0.666666666666667 0.5	-0.167	127	1	9
0.583333333333333	0.166666666666667	0.666666666666667 0.5 0.5	-0.083	127	1	7
0.916666666666667	0.416666666666667	1 0.833333333333333 1	-0.167	127	1	12
0.0833333333333333	0.416666666666667	0.166666666666667 0 1	-0.167	128	1	2
0.916666666666667	0.416666666666667	1 0.833333333333333 1	-0.333	128	1	12
0.75	0.416666666666667	0.833333333333333 0.666666666666667 1	-0.333	128	1	10
0.583333333333333	0.416666666666667	0.666666666666667 0.5 1	-0.167	128	1	8
0.75	0.166666666666667	0.833333333333333 0.666666666666667 0.5	-0.083	129	1	9
0.583333333333333	0.416666666666667	0.666666666666667 0.5 1	-0.167	129	1	8
0.416666666666667	0.416666666666667	0.5 0.333333333333333 1	-0.167	129	1	6
0.25	0.416666666666667	0.333333333333333 0.166666666666667 1	-0.167	129	1	4
0.0833333333333333	0.416666666666667	0.166666666666667 0 1	-0.167	129	1	2
0.916666666666667	0.166666666666667	1 0.833333333333333 0.5	-0.083	129	1	11
0.75	0.166666666666667	0.833333333333333 0.666666666666667 0.5	-0.083	130	1	9
0.583333333333333	0.416666666666667	0.666666666666667 0.5 1	-0.167	130	1	8
0.416666666666667	0.416666666666667	0.5 0.333333333333333 1	-0.167	130	1	6
0.25	0.416666666666667	0.333333333333333 0.166666666666667 1	-0.167	130	1	4
0.0833333333333333	0.416666666666667	0.166666666666667 0 1	-0.167	130	1	2
0.916666666666667	0.416666666666667	1 0.833333333333333 1	-0.167	130	1	12
0.583333333333333	0.416666666666667	0.666666666666667 0.5 1	-0.167	131	1	8
0.416666666666667	0.416666666666667	0.5 0.333333333333333 1	-0.167	131	1	6
0.25	0.416666666666667	0.333333333333333 0.166666666666667 1	-0.167	131	1	4
0.0833333333333333	0.416666666666667	0.166666666666667 0 1	-0.167	131	1	2
0.916666666666667	0.166666666666667	1 0.833333333333333 0.5	-0.083	131	1	11
0.583333333333333	0.416666666666667	0.666666666666667 0.5 1	-0.167	132	1	8
0.416666666666667	0.416666666666667	0.5 0.333333333333333 1	-0.167	132	1	6
0.25	0.416666666666667	0.333333333333333 0.166666666666667 1	-0.167	132	1	4
0.0833333333333333	0.416666666666667	0.166666666666667 0 1	-0.167	132	1	2
0.916666666666667	0.416666666666667	1 0.833333333333333 1	-0.167	132	1	12
0.583333333333333	0.416666666666667	0.666666666666667 0.5 1	-0.167	133	1	8
0.416666666666667	0.416666666666667	0.5 0.333333333333333 1	-0.167	133	1	6
0.25	0.416666666666667	0.333333333333333 0.166666666666667 1	-0.167	133	1	4
0.0833333333333333	0.416666666666667	0.166666666666667 0 1	-0.167	133	1	2
0.916666666666667	0.166666666666667	1 0.833333333333333 0.5	-0.083	133	1	11
0.583333333333333	0.416666666666667	0.666666666666667 0.5 1	-0.167	134	1	8
0.416666666666667	0.416666666666667	0.5 0.333333333333333 1	-0.167	134	1	6
0.25	0.416666666666667	0.333333333333333 0.166666666666667 1	-0.167	134	1	4
0.0833333333333333	0.416666666666667	0.166666666666667 0 1	-0.167	134	1	2
0.916666666666667	0.416666666666667	1 0.833333333333333 1	-0.167	134	1	12
0.75	0.166666666666667	0.833333333333333 0.666666666666667 0.5	-0.083	134	1	9
0.583333333333333	0.416666666666667	0.666666666666667 0.5 1	-0.167	135	1	8
0.416666666666667	0.416666666666667	0.5 0.333333333333333 1	-0.167	135	1	6
0.25	0.416666666666667	0.333333333333333 0.166666666666667 1	-0.167	135	1	4
0.0833333333333333	0.416666666666667	0.166666666666667 0 1	-0.167	135	1	2
0.916666666666667	0.166666666666667	1 0.833333333333333 0.5	-0.083	135	1	11
0.75	0.166666666666667	0.833333333333333 0.666666666666667 0.5	-0.083	135	1	9
0.583333333333333	0.416666666666667	0.666666666666667 0.5 1	-0.167	136	1	8
0.416666666666667	0.416666666666667	0.5 0.333333333333333 1	-0.167	136	1	6
0.25	0.416666666666667	0.333333333333333 0.166666666666667 1	-0.167	136	1	4
0.0833333333333333	0.416666666666667	0.166666666666667 0 1	-0.167	136	1	2
0.916666666666667	0.416666666666667	1 0.833333333333333 1	-0.167	136	1	12
0.75	0.416666666666667	0.833333333333333 0.666666666666667 1	-0.167	136	1	10
0.583333333333333	0.166666666666667	0.666666666666667 0.5 0.5	-0.083	137	1	7
0.416666666666667	0.416666666666667	0.5 0.333333333333333 1	-0.167	137	1	6
0.25	0.416666666666667	0.333333333333333 0.166666666666667 1	-0.167	137	1	4
0.0833333333333333	0.416666666666667	0.166666666666667 0 1	-0.167	137	1	2
0.916666666666667	0.166666666666667	1 0.833333333333333 0.5	-0.083	137	1	11
0.75	0.166666666666667	0.833333333333333 0.666666666666667 0.5	-0.083	137	1	9
0.583333333333333	0.166666666666667	0.666666666666667 0.5 0.5	-0.083	138	1	7
0.416666666666667	0.416666666666667	0.5 0.333333333333333 1	-0.167	138	1	6
0.25	0.416666666666667	0.333333333333333 0.166666666666667 1	-0.167	138	1	4
0.0833333333333333	0.416666666666667	0.166666666666667 0 1	-0.167	138	1	2
0.916666666666667	0.416666666666667	1 0.833333333333333 1	-0.167	138	1	12
0.75	0.416666666666667	0.833333333333333 0.666666666666667 1	-0.167	138	1	10
0.416666666666667	0.416666666666667	0.5 0.333333333333333 1	-0.167	139	1	6
0.25	0.416666666666667	0.333333333333333 0.166666666666667 1	-0.167	139	1	4
0.0833333333333333	0.416666666666667	0.166666666666667 0 1	-0.167	139	1	2
0.916666666666667	0.166666666666667	1 0.833333333333333 0.5	-0.083	139	1	11
0.75	0.166666666666667	0.833333333333333 0.666666666666667 0.5	-0.083	139	1	9
0.416666666666667	0.416666666666667	0.5 0.333333333333333 1	-0.167	140	1	6
0.25	0.416666666666667	0.333333333333333 0.166666666666667 1	-0.167	140	1	4
0.0833333333333333	0.416666666666667	0.166666666666667 0 1	-0.167	140	1	2
0.916666666666667	0.416666666666667	1 0.833333333333333 1	-0.167	140	1	12
0.75	0.416666666666667	0.833333333333333 0.666666666666667 1	-0.167	140	1	10
0.416666666666667	0.416666666666667	0.5 0.333333333333333 1	-0.167	141	1	6
0.25	0.416666666666667	0.333333333333333 0.166666666666667 1	-0.167	141	1	4
0.0833333333333333	0.416666666666667	0.166666666666667 0 1	-0.167	141	1	2
0.916666666666667	0.166666666666667	1 0.833333333333333 0.5	-0.083	141	1	11
0.75	0.166666666666667	0.833333333333333 0.666666666666667 0.5	-0.083	141	1	9
0.416666666666667	0.416666666666667	0.5 0.333333333333333 1	-0.167	142	1	6
0.25	0.416666666666667	0.333333333333333 0.166666666666667 1	-0.167	142	1	4
0.0833333333333333	0.416666666666667	0.166666666666667 0 1	-0.167	142	1	2
0.916666666666667	0.416666666666667	1 0.833333333333333 1	-0.167	142	1	12
0.75	0.416666666666667	0.833333333333333 0.666666666666667 1	-0.167	142	1	10
0.583333333333333	0.166666666666667	0.666666666666667 0.5 0.5	-0.083	142	1	7
0.416666666666667	0.416666666666667	0.5 0.333333333333333 1	-0.167	143	1	6
0.25	0.416666666666667	0.333333333333333 0.166666666666667 1	-0.167	143	1	4
0.0833333333333333	0.416666666666667	0.166666666666667 0 1	-0.167	143	1	2
0.916666666666667	0.166666666666667	1 0.833333333333333 0.5	-0.083	143	1	11
0.75	0.166666666666667	0.833333333333333 0.666666666666667 0.5	-0.083	143	1	9
0.583333333333333	0.166666666666667	0.666666666666667 0.5 0.5	-0.083	143	1	7
0.416666666666667	0.416666666666667	0.5 0.333333333333333 1	-0.167	144	1	6
0.25	0.416666666666667	0.333333333333333 0.166666666666667 1	-0.167	144	1	4
0.0833333333333333	0.416666666666667	0.166666666666667 0 1	-0.167	144	1	2
0.916666666666667	0.416666666666667	1 0.833333333333333 1	-0.167	144	1	12
0.75	0.416666666666667	0.833333333333333 0.666666666666667 1	-0.167	144	1	10
0.583333333333333	0.416666666666667	0.666666666666667 0.5 1	-0.167	144	1	8
0.583333333333333	0.166666666666667	0.666666666666667 0.5 0.5	-0.083	145	1	7
0.416666666666667	0.416666666666667	0.5 0.333333333333333 1	-0.167	145	1	6
0.25	0.416666666666667	0.333333333333333 0.166666666666667 1	-0.167	145	1	4
0.0833333333333333	0.416666666666667	0.166666666666667 0 1	-0.167	145	1	2
0.916666666666667	0.166666666666667	1 0.833333333333333 0.5	-0.083	145	1	11
0.583333333333333	0.166666666666667	0.666666666666667 0.5 0.5	-0.083	146	1	7
0.416666666666667	0.416666666666667	0.5 0.333333333333333 1	-0.167	146	1	6
0.25	0.416666666666667	0.333333333333333 0.166666666666667 1	-0.167	146	1	4
0.0833333333333333	0.416666666666667	0.166666666666667 0 1	-0.167	146	1	2
0.916666666666667	0.416666666666667	1 0.833333333333333 1	-0.167	146	1	12
0.916666666666667	0.166666666666667	1 0.833333333333333 0.5	-0.083	146	1	11
0.416666666666667	0.416666666666667	0.5 0.333333333333333 1	-0.167	147	1	6
0.25	0.416666666666667	0.333333333333333 0.166666666666667 1	-0.167	147	1	4
0.0833333333333333	0.416666666666667	0.166666666666667 0 1	-0.167	147	1	2
0.916666666666667	0.166666666666667	1 0.833333333333333 0.5	-0.167	147	1	11
0.416666666666667	0.416666666666667	0.5 0.333333333333333 1	-0.167	148	1	6
0.25	0.416666666666667	0.333333333333333 0.166666666666667 1	-0.167	148	1	4
0.0833333333333333	0.416666666666667	0.166666666666667 0 1	-0.167	148	1	2
0.916666666666667	0.416666666666667	1 0.833333333333333 1	-0.333	148	1	12
0.416666666666667	0.416666666666667	0.5 0.333333333333333 1	-0.167	149	1	6
0.25	0.416666666666667	0.333333333333333 0.166666666666667 1	-0.167	149	1	4
0.0833333333333333	0.416666666666667	0.166666666666667 0 1	-0.167	149	1	2
0.916666666666667	0.166666666666667	1 0.833333333333333 0.5	-0.083	149	1	11
0.416666666666667	0.416666666666667	0.5 0.333333333333333 1	-0.167	150	1	6
0.25	0.416666666666667	0.333333333333333 0.166666666666667 1	-0.167	150	1	4
0.0833333333333333	0.416666666666667	0.166666666666667 0 1	-0.167	150	1	2
0.916666666666667	0.416666666666667	1 0.833333333333333 1	-0.167	150	1	12
0.75	0.166666666666667	0.833333333333333 0.666666666666667 0.5	-0.167	150	1	9
0.416666666666667	0.416666666666667	0.5 0.333333333333333 1	-0.167	151	1	6
0.25	0.416666666666667	0.333333333333333 0.166666666666667 1	-0.167	151	1	4
0.0833333333333333	0.416666666666667	0.166666666666667 0 1	-0.167	151	1	2
0.916666666666667	0.166666666666667	1 0.833333333333333 0.5	-0.083	151	1	11
0.75	0.166666666666667	0.833333333333333 0.666666666666667 0.5	-0.167	151	1	9
0.416666666666667	0.416666666666667	0.5 0.333333333333333 1	-0.167	152	1	6
0.25	0.416666666666667	0.333333333333333 0.166666666666667 1	-0.167	152	1	4
0.0833333333333333	0.416666666666667	0.166666666666667 0 1	-0.167	152	1	2
0.916666666666667	0.416666666666667	1 0.833333333333333 1	-0.167	152	1	12
0.75	0.416666666666667	0.833333333333333 0.666666666666667 1	-0.333	152	1	10
0.416666666666667	0.166666666666667	0.5 0.333333333333333 0.5	-0.083	153	1	5
0.25	0.416666666666667	0.333333333333333 0.166666666666667 1	-0.167	153	1	4
0.0833333333333333	0.416666666666667	0.166666666666667 0 1	-0.167	153	1	2
0.916666666666667	0.166666666666667	1 0.833333333333333 0.5	-0.083	153	1	11
0.75	0.166666666666667	0.833333333333333 0.666666666666667 0.5	-0.083	153	1	9
0.416666666666667	0.166666666666667	0.5 0.333333333333333 0.5	-0.083	154	1	5
0.25	0.416666666666667	0.333333333333333 0.166666666666667 1	-0.167	154	1	4
0.0833333333333333	0.416666666666667	0.166666666666667 0 1	-0.167	154	1	2
0.916666666666667	0.416666666666667	1 0.833333333333333 1	-0.167	154	1	12
0.75	0.416666666666667	0.833333333333333 0.666666666666667 1	-0.167	154	1	10
0.916666666666667	0.166666666666667	1 0.833333333333333 0.5	-0.083	154	1	11
0.25	0.416666666666667	0.333333333333333 0.166666666666667 1	-0.167	155	1	4
0.0833333333333333	0.416666666666667	0.166666666666667 0 1	-0.167	155	1	2
0.916666666666667	0.166666666666667	1 0.833333333333333 0.5	-0.167	155	1	11
0.75	0.166666666666667	0.833333333333333 0.666666666666667 0.5	-0.083	155	1	9
0.25	0.416666666666667	0.333333333333333 0.166666666666667 1	-0.167	156	1	4
0.0833333333333333	0.416666666666667	0.166666666666667 0 1	-0.167	156	1	2
0.916666666666667	0.416666666666667	1 0.833333333333333 1	-0.333	156	1	12
0.75	0.416666666666667	0.833333333333333 0.666666666666667 1	-0.167	156	1	10
0.25	0.416666666666667	0.333333333333333 0.166666666666667 1	-0.167	157	1	4
0.0833333333333333	0.416666666666667	0.166666666666667 0 1	-0.167	157	1	2
0.916666666666667	0.166666666666667	1 0.833333333333333 0.5	-0.083	157	1	11
0.75	0.166666666666667	0.833333333333333 0.666666666666667 0.5	-0.083	157	1	9
0.25	0.416666666666667	0.333333333333333 0.166666666666667 1	-0.167	158	1	4
0.0833333333333333	0.416666666666667	0.166666666666667 0 1	-0.167	158	1	2
0.916666666666667	0.416666666666667	1 0.833333333333333 1	-0.167	158	1	12
0.75	0.416666666666667	0.833333333333333 0.666666666666667 1	-0.167	158	1	10
0.583333333333333	0.166666666666667	0.666666666666667 0.5 0.5	-0.083	158	1	7
0.75	0.166666666666667	0.833333333333333 0.666666666666667 0.5	-0.083	158	1	9
0.25	0.416666666666667	0.333333333333333 0.166666666666667 1	-0.167	159	1	4
0.0833333333333333	0.416666666666667	0.166666666666667 0 1	-0.167	159	1	2
0.916666666666667	0.166666666666667	1 0.833333333333333 0.5	-0.083	159	1	11
0.75	0.166666666666667	0.833333333333333 0.666666666666667 0.5	-0.167	159	1	9
0.583333333333333	0.166666666666667	0.666666666666667 0.5 0.5	-0.083	159	1	7
0.25	0.416666666666667	0.333333333333333 0.166666666666667 1	-0.167	160	1	4
0.0833333333333333	0.416666666666667	0.166666666666667 0 1	-0.167	160	1	2
0.916666666666667	0.416666666666667	1 0.833333333333333 1	-0.167	160	1	12
0.75	0.416666666666667	0.833333333333333 0.666666666666667 1	-0.333	160	1	10
0.583333333333333	0.416666666666667	0.666666666666667 0.5 1	-0.167	160	1	8
0.583333333333333	0.166666666666667	0.666666666666667 0.5 0.5	-0.083	161	1	7
0.416666666666667	0.416666666666667	0.5 0.333333333333333 1	-0.167	161	1	6
0.25	0.416666666666667	0.333333333333333 0.166666666666667 1	-0.167	161	1	4
0.0833333333333333	0.416666666666667	0.166666666666667 0 1	-0.167	161	1	2
0.916666666666667	0.166666666666667	1 0.833333333333333 0.5	-0.083	161	1	11
0.75	0.166666666666667	0.833333333333333 0.666666666666667 0.5	-0.083	161	1	9
0.583333333333333	0.166666666666667	0.666666666666667 0.5 0.5	-0.083	162	1	7
0.416666666666667	0.416666666666667	0.5 0.333333333333333 1	-0.167	162	1	6
0.25	0.416666666666667	0.333333333333333 0.166666666666667 1	-0.167	162	1	4
0.0833333333333333	0.416666666666667	0.166666666666667 0 1	-0.167	162	1	2
0.916666666666667	0.416666666666667	1 0.833333333333333 1	-0.167	162	1	12
0.75	0.416666666666667	0.833333333333333 0.666666666666667 1	-0.167	162	1	10
0.416666666666667	0.416666666666667	0.5 0.333333333333333 1	-0.167	163	1	6
0.25	0.416666666666667	0.333333333333333 0.166666666666667 1	-0.167	163	1	4
0.0833333333333333	0.416666666666667	0.166666666666667 0 1	-0.167	163	1	2
0.916666666666667	0.166666666666667	1 0.833333333333333 0.5	-0.083	163	1	11
0.75	0.166666666666667	0.833333333333333 0.666666666666667 0.5	-0.083	163	1	9
0.416666666666667	0.416666666666667	0.5 0.333333333333333 1	-0.167	164	1	6
0.25	0.416666666666667	0.333333333333333 0.166666666666667 1	-0.167	164	1	4
0.0833333333333333	0.416666666666667	0.166666666666667 0 1	-0.167	164	1	2
0.916666666666667	0.416666666666667	1 0.833333333333333 1	-0.167	164	1	12
0.75	0.416666666666667	0.833333333333333 0.666666666666667 1	-0.167	164	1	10
0.416666666666667	0.416666666666667	0.5 0.333333333333333 1	-0.167	165	1	6
0.25	0.416666666666667	0.333333333333333 0.166666666666667 1	-0.167	165	1	4
0.0833333333333333	0.416666666666667	0.166666666666667 0 1	-0.167	165	1	2
0.916666666666667	0.166666666666667	1 0.833333333333333 0.5	-0.083	165	1	11
0.75	0.166666666666667	0.833333333333333 0.666666666666667 0.5	-0.083	165	1	9
0.416666666666667	0.416666666666667	0.5 0.333333333333333 1	-0.167	166	1	6
0.25	0.416666666666667	0.333333333333333 0.166666666666667 1	-0.167	166	1	4
0.0833333333333333	0.416666666666667	0.166666666666667 0 1	-0.167	166	1	2
0.916666666666667	0.416666666666667	1 0.833333333333333 1	-0.167	166	1	12
0.75	0.416666666666667	0.833333333333333 0.666666666666667 1	-0.167	166	1	10
0.583333333333333	0.166666666666667	0.666666666666667 0.5 0.5	-0.083	166	1	7
0.416666666666667	0.416666666666667	0.5 0.333333333333333 1	-0.167	167	1	6
0.25	0.416666666666667	0.333333333333333 0.166666666666667 1	-0.167	167	1	4
0.0833333333333333	0.416666666666667	0.166666666666667 0 1	-0.167	167	1	2
0.916666666666667	0.166666666666667	1 0.833333333333333 0.5	-0.083	167	1	11
0.75	0.166666666666667	0.833333333333333 0.666666666666667 0.5	-0.083	167	1	9
0.583333333333333	0.166666666666667	0.666666666666667 0.5 0.5	-0.083	167	1	7
0.416666666666667	0.416666666666667	0.5 0.333333333333333 1	-0.167	168	1	6
0.25	0.416666666666667	0.333333333333333 0.166666666666667 1	-0.167	168	1	4
0.0833333333333333	0.416666666666667	0.166666666666667 0 1	-0.167	168	1	2
0.916666666666667	0.416666666666667	1 0.833333333333333 1	-0.167	168	1	12
0.75	0.416666666666667	0.833333333333333 0.666666666666667 1	-0.167	168	1	10
0.583333333333333	0.416666666666667	0.666666666666667 0.5 1	-0.167	168	1	8
0.416666666666667	0.166666666666667	0.5 0.333333333333333 0.5	-0.083	169	1	5
0.25	0.416666666666667	0.333333333333333 0.166666666666667 1	-0.167	169	1	4
0.0833333333333333	0.416666666666667	0.166666666666667 0 1	-0.167	169	1	2
0.916666666666667	0.166666666666667	1 0.833333333333333 0.5	-0.083	169	1	11
0.75	0.166666666666667	0.833333333333333 0.666666666666667 0.5	-0.083	169	1	9
0.583333333333333	0.166666666666667	0.666666666666667 0.5 0.5	-0.083	169	1	7
0.416666666666667	0.166666666666667	0.5 0.333333333333333 0.5	-0.083	170	1	5
0.25	0.416666666666667	0.333333333333333 0.166666666666667 1	-0.167	170	1	4
0.0833333333333333	0.416666666666667	0.166666666666667 0 1	-0.167	170	1	2
0.916666666666667	0.416666666666667	1 0.833333333333333 1	-0.167	170	1	12
0.75	0.416666666666667	0.833333333333333 0.666666666666667 1	-0.167	170	1	10
0.583333333333333	0.416666666666667	0.666666666666667 0.5 1	-0.167	170	1	8
0.25	0.416666666666667	0.333333333333333 0.166666666666667 1	-0.167	171	1	4
0.0833333333333333	0.416666666666667	0.166666666666667 0 1	-0.167	171	1	2
0.916666666666667	0.166666666666667	1 0.833333333333333 0.5	-0.083	171	1	11
0.75	0.166666666666667	0.833333333333333 0.666666666666667 0.5	-0.083	171	1	9
0.583333333333333	0.166666666666667	0.666666666666667 0.5 0.5	-0.083	171	1	7
0.25	0.416666666666667	0.333333333333333 0.166666666666667 1	-0.167	172	1	4
0.0833333333333333	0.416666666666667	0.166666666666667 0 1	-0.167	172	1	2
0.916666666666667	0.416666666666667	1 0.833333333333333 1	-0.167	172	1	12
0.75	0.416666666666667	0.833333333333333 0.666666666666667 1	-0.167	172	1	10
0.583333333333333	0.416666666666667	0.666666666666667 0.5 1	-0.167	172	1	8
0.25	0.416666666666667	0.333333333333333 0.166666666666667 1	-0.167	173	1	4
0.0833333333333333	0.416666666666667	0.166666666666667 0 1	-0.167	173	1	2
0.916666666666667	0.166666666666667	1 0.833333333333333 0.5	-0.083	173	1	11
0.75	0.166666666666667	0.833333333333333 0.666666666666667 0.5	-0.083	173	1	9
0.583333333333333	0.166666666666667	0.666666666666667 0.5 0.5	-0.083	173	1	7
0.25	0.416666666666667	0.333333333333333 0.166666666666667 1	-0.167	174	1	4
0.0833333333333333	0.416666666666667	0.166666666666667 0 1	-0.167	174	1	2
0.916666666666667	0.416666666666667	1 0.833333333333333 1	-0.167	174	1	12
0.75	0.416666666666667	0.833333333333333 0.666666666666667 1	-0.167	174	1	10
0.583333333333333	0.416666666666667	0.666666666666667 0.5 1	-0.167	174	1	8
0.416666666666667	0.166666666666667	0.5 0.333333333333333 0.5	-0.083	174	1	5
0.25	0.416666666666667	0.333333333333333 0.166666666666667 1	-0.167	175	1	4
0.0833333333333333	0.416666666666667	0.166666666666667 0 1	-0.167	175	1	2
0.916666666666667	0.166666666666667	1 0.833333333333333 0.5	-0.083	175	1	11
0.75	0.166666666666667	0.833333333333333 0.666666666666667 0.5	-0.083	175	1	9
0.583333333333333	0.166666666666667	0.666666666666667 0.5 0.5	-0.083	175	1	7
0.416666666666667	0.166666666666667	0.5 0.333333333333333 0.5	-0.083	175	1	5
0.25	0.416666666666667	0.333333333333333 0.166666666666667 1	-0.167	176	1	4
0.0833333333333333	0.416666666666667	0.166666666666667 0 1	-0.167	176	1	2
0.916666666666667	0.416666666666667	1 0.833333333333333 1	-0.167	176	1	12
0.75	0.416666666666667	0.833333333333333 0.666666666666667 1	-0.167	176	1	10
0.583333333333333	0.416666666666667	0.666666666666667 0.5 1	-0.167	176	1	8
0.416666666666667	0.416666666666667	0.5 0.333333333333333 1	-0.167	176	1	6
0.416666666666667	0.166666666666667	0.5 0.333333333333333 0.5	-0.083	177	1	5
0.25	0.416666666666667	0.333333333333333 0.166666666666667 1	-0.167	177	1	4
0.0833333333333333	0.416666666666667	0.166666666666667 0 1	-0.167	177	1	2
0.916666666666667	0.166666666666667	1 0.833333333333333 0.5	-0.083	177	1	11
0.75	0.166666666666667	0.833333333333333 0.666666666666667 0.5	-0.083	177	1	9
0.416666666666667	0.166666666666667	0.5 0.333333333333333 0.5	-0.083	178	1	5
0.25	0.416666666666667	0.333333333333333 0.166666666666667 1	-0.167	178	1	4
0.0833333333333333	0.416666666666667	0.166666666666667 0 1	-0.167	178	1	2
0.916666666666667	0.416666666666667	1 0.833333333333333 1	-0.167	178	1	12
0.75	0.416666666666667	0.833333333333333 0.666666666666667 1	-0.167	178	1	10
0.916666666666667	0.166666666666667	1 0.833333333333333 0.5	-0.083	178	1	11
0.25	0.416666666666667	0.333333333333333 0.166666666666667 1	-0.167	179	1	4
0.0833333333333333	0.416666666666667	0.166666666666667 0 1	-0.167	179	1	2
0.916666666666667	0.166666666666667	1 0.833333333333333 0.5	-0.167	179	1	11
0.75	0.166666666666667	0.833333333333333 0.666666666666667 0.5	-0.083	179	1	9
0.25	0.416666666666667	0.333333333333333 0.166666666666667 1	-0.167	180	1	4
0.0833333333333333	0.416666666666667	0.166666666666667 0 1	-0.167	180	1	2
0.916666666666667	0.416666666666667	1 0.833333333333333 1	-0.333	180	1	12
0.75	0.416666666666667	0.833333333333333 0.666666666666667 1	-0.167	180	1	10
0.25	0.416666666666667	0.333333333333333 0.166666666666667 1	-0.167	181	1	4
0.0833333333333333	0.416666666666667	0.166666666666667 0 1	-0.167	181	1	2
0.916666666666667	0.166666666666667	1 0.833333333333333 0.5	-0.083	181	1	11
0.75	0.166666666666667	0.833333333333333 0.666666666666667 0.5	-0.083	181	1	9
0.25	0.416666666666667	0.333333333333333 0.166666666666667 1	-0.167	182	1	4
0.0833333333333333	0.416666666666667	0.166666666666667 0 1	-0.167	182	1	2
0.916666666666667	0.416666666666667	1 0.833333333333333 1	-0.167	182	1	12
0.75	0.416666666666667	0.833333333333333 0.666666666666667 1	-0.167	182	1	10
0.583333333333333	0.166666666666667	0.666666666666667 0.5 0.5	-0.083	182	1	7
0.75	0.166666666666667	0.833333333333333 0.666666666666667 0.5	-0.083	182	1	9
0.25	0.416666666666667	0.333333333333333 0.166666666666667 1	-0.167	183	1	4
0.0833333333333333	0.416666666666667	0.166666666666667 0 1	-0.167	183	1	2
0.916666666666667	0.166666666666667	1 0.833333333333333 0.5	-0.083	183	1	11
0.75	0.166666666666667	0.833333333333333 0.666666666666667 0.5	-0.167	183	1	9
0.583333333333333	0.166666666666667	0.666666666666667 0.5 0.5	-0.083	183	1	7
0.25	0.416666666666667	0.333333333333333 0.166666666666667 1	-0.167	184	1	4
0.0833333333333333	0.416666666666667	0.166666666666667 0 1	-0.167	184	1	2
0.916666666666667	0.416666666666667	1 0.833333333333333 1	-0.167	184	1	12
0.75	0.416666666666667	0.833333333333333 0.666666666666667 1	-0.333	184	1	10
0.583333333333333	0.416666666666667	0.666666666666667 0.5 1	-0.167	184	1	8
0.25	0.166666666666667	0.333333333333333 0.166666666666667 0.5	-0.083	185	1	3
0.0833333333333333	0.416666666666667	0.166666666666667 0 1	-0.167	185	1	2
0.916666666666667	0.166666666666667	1 0.833333333333333 0.5	-0.083	185	1	11
0.75	0.166666666666667	0.833333333333333 0.666666666666667 0.5	-0.083	185	1	9
0.583333333333333	0.166666666666667	0.666666666666667 0.5 0.5	-0.083	185	1	7
0.25	0.166666666666667	0.333333333333333 0.166666666666667 0.5	-0.083	186	1	3
0.0833333333333333	0.416666666666667	0.166666666666667 0 1	-0.167	186	1	2
0.916666666666667	0.416666666666667	1 0.833333333333333 1	-0.167	186	1	12
0.75	0.416666666666667	0.833333333333333 0.666666666666667 1	-0.167	186	1	10
0.583333333333333	0.416666666666667	0.666666666666667 0.5 1	-0.167	186	1	8
0.916666666666667	0.166666666666667	1 0.833333333333333 0.5	-0.083	186	1	11
0.0833333333333333	0.416666666666667	0.166666666666667 0 1	-0.167	187	1	2
0.916666666666667	0.166666666666667	1 0.833333333333333 0.5	-0.167	187	1	11
0.75	0.166666666666667	0.833333333333333 0.666666666666667 0.5	-0.083	187	1	9
0.583333333333333	0.166666666666667	0.666666666666667 0.5 0.5	-0.083	187	1	7
0.0833333333333333	0.416666666666667	0.166666666666667 0 1	-0.167	188	1	2
0.916666666666667	0.416666666666667	1 0.833333333333333 1	-0.333	188	1	12
0.75	0.416666666666667	0.833333333333333 0.666666666666667 1	-0.167	188	1	10
0.583333333333333	0.416666666666667	0.666666666666667 0.5 1	-0.167	188	1	8
0.0833333333333333	0.416666666666667	0.166666666666667 0 1	-0.167	189	1	2
0.916666666666667	0.166666666666667	1 0.833333333333333 0.5	-0.083	189	1	11
0.75	0.166666666666667	0.833333333333333 0.666666666666667 0.5	-0.083	189	1	9
0.583333333333333	0.166666666666667	0.666666666666667 0.5 0.5	-0.083	189	1	7
0.0833333333333333	0.416666666666667	0.166666666666667 0 1	-0.167	190	1	2
0.916666666666667	0.416666666666667	1 0.833333333333333 1	-0.167	190	1	12
0.75	0.416666666666667	0.833333333333333 0.666666666666667 1	-0.167	190	1	10
0.583333333333333	0.416666666666667	0.666666666666667 0.5 1	-0.167	190	1	8
0.416666666666667	0.166666666666667	0.5 0.333333333333333 0.5	-0.083	190	1	5
0.75	0.166666666666667	0.833333333333333 0.666666666666667 0.5	-0.083	190	1	9
0.0833333333333333	0.416666666666667	0.166666666666667 0 1	-0.167	191	1	2
0.916666666666667	0.166666666666667	1 0.833333333333333 0.5	-0.083	191	1	11
0.75	0.166666666666667	0.833333333333333 0.666666666666667 0.5	-0.167	191	1	9
0.583333333333333	0.166666666666667	0.666666666666667 0.5 0.5	-0.083	191	1	7
0.416666666666667	0.166666666666667	0.5 0.333333333333333 0.5	-0.083	191	1	5
0.0833333333333333	0.416666666666667	0.166666666666667 0 1	-0.167	192	1	2
0.916666666666667	0.416666666666667	1 0.833333333333333 1	-0.167	192	1	12
0.75	0.416666666666667	0.833333333333333 0.666666666666667 1	-0.333	192	1	10
0.583333333333333	0.416666666666667	0.666666666666667 0.5 1	-0.167	192	1	8
0.416666666666667	0.416666666666667	0.5 0.333333333333333 1	-0.167	192	1	6
0.583333333333333	0.166666666666667	0.666666666666667 0.5 0.5	-0.083	193	1	7
0.416666666666667	0.416666666666667	0.5 0.333333333333333 1	-0.167	193	1	6
0.25	0.416666666666667	0.333333333333333 0.166666666666667 1	-0.167	193	1	4
0.0833333333333333	0.416666666666667	0.166666666666667 0 1	-0.167	193	1	2
0.916666666666667	0.166666666666667	1 0.833333333333333 0.5	-0.083	193	1	11
0.916666666666667	0.416666666666667	1 0.833333333333333 1	-0.167	193	1	12
0.583333333333333	0.166666666666667	0.666666666666667 0.5 0.5	-0.083	194	1	7
0.416666666666667	0.416666666666667	0.5 0.333333333333333 1	-0.167	194	1	6
0.25	0.416666666666667	0.333333333333333 0.166666666666667 1	-0.167	194	1	4
0.0833333333333333	0.416666666666667	0.166666666666667 0 1	-0.167	194	1	2
0.916666666666667	0.416666666666667	1 0.833333333333333 1	-0.333	194	1	12
0.416666666666667	0.416666666666667	0.5 0.333333333333333 1	-0.167	195	1	6
0.25	0.416666666666667	0.333333333333333 0.166666666666667 1	-0.167	195	1	4
0.0833333333333333	0.416666666666667	0.166666666666667 0 1	-0.167	195	1	2
0.916666666666667	0.166666666666667	1 0.833333333333333 0.5	-0.083	195	1	11
0.916666666666667	0.416666666666667	1 0.833333333333333 1	-0.167	195	1	12
0.416666666666667	0.416666666666667	0.5 0.333333333333333 1	-0.167	196	1	6
0.25	0.416666666666667	0.333333333333333 0.166666666666667 1	-0.167	196	1	4
0.0833333333333333	0.416666666666667	0.166666666666667 0 1	-0.167	196	1	2
0.916666666666667	0.416666666666667	1 0.833333333333333 1	-0.333	196	1	12
0.416666666666667	0.416666666666667	0.5 0.333333333333333 1	-0.167	197	1	6
0.25	0.416666666666667	0.333333333333333 0.166666666666667 1	-0.167	197	1	4
0.0833333333333333	0.416666666666667	0.166666666666667 0 1	-0.167	197	1	2
0.916666666666667	0.166666666666667	1 0.833333333333333 0.5	-0.083	197	1	11
0.916666666666667	0.416666666666667	1 0.833333333333333 1	-0.167	197	1	12
0.416666666666667	0.416666666666667	0.5 0.333333333333333 1	-0.167	198	1	6
0.25	0.416666666666667	0.333333333333333 0.166666666666667 1	-0.167	198	1	4
0.0833333333333333	0.416666666666667	0.166666666666667 0 1	-0.167	198	1	2
0.916666666666667	0.416666666666667	1 0.833333333333333 1	-0.333	198	1	12
0.75	0.166666666666667	0.833333333333333 0.666666666666667 0.5	-0.083	198	1	9
0.416666666666667	0.416666666666667	0.5 0.333333333333333 1	-0.167	199	1	6
0.25	0.416666666666667	0.333333333333333 0.166666666666667 1	-0.167	199	1	4
0.0833333333333333	0.416666666666667	0.166666666666667 0 1	-0.167	199	1	2
0.916666666666667	0.166666666666667	1 0.833333333333333 0.5	-0.083	199	1	11
0.75	0.166666666666667	0.833333333333333 0.666666666666667 0.5	-0.083	199	1	9
0.916666666666667	0.416666666666667	1 0.833333333333333 1	-0.167	199	1	12
0.416666666666667	0.416666666666667	0.5 0.333333333333333 1	-0.167	200	1	6
0.25	0.416666666666667	0.333333333333333 0.166666666666667 1	-0.167	200	1	4
0.0833333333333333	0.416666666666667	0.166666666666667 0 1	-0.167	200	1	2
0.916666666666667	0.416666666666667	1 0.833333333333333 1	-0.333	200	1	12
0.75	0.416666666666667	0.833333333333333 0.666666666666667 1	-0.167	200	1	10
0.416666666666667	0.166666666666667	0.5 0.333333333333333 0.5	-0.083	201	1	5
0.25	0.416666666666667	0.333333333333333 0.166666666666667 1	-0.167	201	1	4
0.0833333333333333	0.416666666666667	0.166666666666667 0 1	-0.167	201	1	2
0.916666666666667	0.166666666666667	1 0.833333333333333 0.5	-0.083	201	1	11
0.75	0.166666666666667	0.833333333333333 0.666666666666667 0.5	-0.083	201	1	9
0.916666666666667	0.416666666666667	1 0.833333333333333 1	-0.167	201	1	12
0.416666666666667	0.166666666666667	0.5 0.333333333333333 0.5	-0.083	202	1	5
0.25	0.416666666666667	0.333333333333333 0.166666666666667 1	-0.167	202	1	4
0.0833333333333333	0.416666666666667	0.166666666666667 0 1	-0.167	202	1	2
0.916666666666667	0.416666666666667	1 0.833333333333333 1	-0.333	202	1	12
0.75	0.416666666666667	0.833333333333333 0.666666666666667 1	-0.167	202	1	10
0.25	0.416666666666667	0.333333333333333 0.166666666666667 1	-0.167	203	1	4
0.0833333333333333	0.416666666666667	0.166666666666667 0 1	-0.167	203	1	2
0.916666666666667	0.166666666666667	1 0.833333333333333 0.5	-0.083	203	1	11
0.75	0.166666666666667	0.833333333333333 0.666666666666667 0.5	-0.083	203	1	9
0.916666666666667	0.416666666666667	1 0.833333333333333 1	-0.167	203	1	12
0.25	0.416666666666667	0.333333333333333 0.166666666666667 1	-0.167	204	1	4
0.0833333333333333	0.416666666666667	0.166666666666667 0 1	-0.167	204	1	2
0.916666666666667	0.416666666666667	1 0.833333333333333 1	-0.333	204	1	12
0.75	0.416666666666667	0.833333333333333 0.666666666666667 1	-0.167	204	1	10
0.25	0.416666666666667	0.333333333333333 0.166666666666667 1	-0.167	205	1	4
0.0833333333333333	0.416666666666667	0.166666666666667 0 1	-0.167	205	1	2
0.916666666666667	0.166666666666667	1 0.833333333333333 0.5	-0.083	205	1	11
0.75	0.166666666666667	0.833333333333333 0.666666666666667 0.5	-0.083	205	1	9
0.916666666666667	0.416666666666667	1 0.833333333333333 1	-0.167	205	1	12
0.25	0.416666666666667	0.333333333333333 0.166666666666667 1	-0.167	206	1	4
0.0833333333333333	0.416666666666667	0.166666666666667 0 1	-0.167	206	1	2
0.916666666666667	0.416666666666667	1 0.833333333333333 1	-0.333	206	1	12
0.75	0.416666666666667	0.833333333333333 0.666666666666667 1	-0.167	206	1	10
0.583333333333333	0.166666666666667	0.666666666666667 0.5 0.5	-0.083	206	1	7
0.25	0.416666666666667	0.333333333333333 0.166666666666667 1	-0.167	207	1	4
0.0833333333333333	0.416666666666667	0.166666666666667 0 1	-0.167	207	1	2
0.916666666666667	0.166666666666667	1 0.833333333333333 0.5	-0.083	207	1	11
0.75	0.166666666666667	0.833333333333333 0.666666666666667 0.5	-0.083	207	1	9
0.583333333333333	0.166666666666667	0.666666666666667 0.5 0.5	-0.083	207	1	7
0.916666666666667	0.416666666666667	1 0.833333333333333 1	-0.167	207	1	12
0.25	0.416666666666667	0.333333333333333 0.166666666666667 1	-0.167	208	1	4
0.0833333333333333	0.416666666666667	0.166666666666667 0 1	-0.167	208	1	2
0.916666666666667	0.416666666666667	1 0.833333333333333 1	-0.333	208	1	12
0.75	0.416666666666667	0.833333333333333 0.666666666666667 1	-0.167	208	1	10
0.583333333333333	0.416666666666667	0.666666666666667 0.5 1	-0.167	208	1	8
0.416666666666667	0.166666666666667	0.5 0.333333333333333 0.5	-0.083	209	1	5
0.25	0.416666666666667	0.333333333333333 0.166666666666667 1	-0.167	209	1	4
0.0833333333333333	0.416666666666667	0.166666666666667 0 1	-0.167	209	1	2
0.916666666666667	0.166666666666667	1 0.833333333333333 0.5	-0.083	209	1	11
0.916666666666667	0.416666666666667	1 0.833333333333333 1	-0.167	209	1	12
0.416666666666667	0.166666666666667	0.5 0.333333333333333 0.5	-0.083	210	1	5
0.25	0.416666666666667	0.333333333333333 0.166666666666667 1	-0.167	210	1	4
0.0833333333333333	0.416666666666667	0.166666666666667 0 1	-0.167	210	1	2
0.916666666666667	0.416666666666667	1 0.833333333333333 1	-0.333	210	1	12
0.916666666666667	0.166666666666667	1 0.833333333333333 0.5	-0.083	210	1	11
0.25	0.416666666666667	0.333333333333333 0.166666666666667 1	-0.167	211	1	4
0.0833333333333333	0.416666666666667	0.166666666666667 0 1	-0.167	211	1	2
0.916666666666667	0.166666666666667	1 0.833333333333333 0.5	-0.167	211	1	11
0.916666666666667	0.416666666666667	1 0.833333333333333 1	-0.167	211	1	12
0.25	0.416666666666667	0.333333333333333 0.166666666666667 1	-0.167	212	1	4
0.0833333333333333	0.416666666666667	0.166666666666667 0 1	-0.167	212	1	2
0.916666666666667	0.416666666666667	1 0.833333333333333 1	-0.500	212	1	12
0.25	0.416666666666667	0.333333333333333 0.166666666666667 1	-0.167	213	1	4
0.0833333333333333	0.416666666666667	0.166666666666667 0 1	-0.167	213	1	2
0.916666666666667	0.166666666666667	1 0.833333333333333 0.5	-0.083	213	1	11
0.916666666666667	0.416666666666667	1 0.833333333333333 1	-0.167	213	1	12
0.25	0.416666666666667	0.333333333333333 0.166666666666667 1	-0.167	214	1	4
0.0833333333333333	0.416666666666667	0.166666666666667 0 1	-0.167	214	1	2
0.916666666666667	0.416666666666667	1 0.833333333333333 1	-0.333	214	1	12
0.75	0.166666666666667	0.833333333333333 0.666666666666667 0.5	-0.167	214	1	9
0.25	0.416666666666667	0.333333333333333 0.166666666666667 1	-0.167	215	1	4
0.0833333333333333	0.416666666666667	0.166666666666667 0 1	-0.167	215	1	2
0.916666666666667	0.166666666666667	1 0.833333333333333 0.5	-0.083	215	1	11
0.75	0.166666666666667	0.833333333333333 0.666666666666667 0.5	-0.167	215	1	9
0.916666666666667	0.416666666666667	1 0.833333333333333 1	-0.167	215	1	12
0.25	0.416666666666667	0.333333333333333 0.166666666666667 1	-0.167	216	1	4
0.0833333333333333	0.416666666666667	0.166666666666667 0 1	-0.167	216	1	2
0.916666666666667	0.416666666666667	1 0.833333333333333 1	-0.333	216	1	12
0.75	0.416666666666667	0.833333333333333 0.666666666666667 1	-0.333	216	1	10
0.25	0.166666666666667	0.333333333333333 0.166666666666667 0.5	-0.083	217	1	3
0.0833333333333333	0.416666666666667	0.166666666666667 0 1	-0.167	217	1	2
0.916666666666667	0.166666666666667	1 0.833333333333333 0.5	-0.083	217	1	11
0.75	0.166666666666667	0.833333333333333 0.666666666666667 0.5	-0.083	217	1	9
0.916666666666667	0.416666666666667	1 0.833333333333333 1	-0.167	217	1	12
0.25	0.166666666666667	0.333333333333333 0.166666666666667 0.5	-0.083	218	1	3
0.0833333333333333	0.416666666666667	0.166666666666667 0 1	-0.167	218	1	2
0.916666666666667	0.416666666666667	1 0.833333333333333 1	-0.333	218	1	12
0.75	0.416666666666667	0.833333333333333 0.666666666666667 1	-0.167	218	1	10
0.916666666666667	0.166666666666667	1 0.833333333333333 0.5	-0.083	218	1	11
0.0833333333333333	0.416666666666667	0.166666666666667 0 1	-0.167	219	1	2
0.916666666666667	0.166666666666667	1 0.833333333333333 0.5	-0.167	219	1	11
0.75	0.166666666666667	0.833333333333333 0.666666666666667 0.5	-0.083	219	1	9
0.916666666666667	0.416666666666667	1 0.833333333333333 1	-0.167	219	1	12
0.0833333333333333	0.416666666666667	0.166666666666667 0 1	-0.167	220	1	2
0.916666666666667	0.416666666666667	1 0.833333333333333 1	-0.500	220	1	12
0.75	0.416666666666667	0.833333333333333 0.666666666666667 1	-0.167	220	1	10
0.0833333333333333	0.416666666666667	0.166666666666667 0 1	-0.167	221	1	2
0.916666666666667	0.166666666666667	1 0.833333333333333 0.5	-0.083	221	1	11
0.75	0.166666666666667	0.833333333333333 0.666666666666667 0.5	-0.083	221	1	9
0.916666666666667	0.416666666666667	1 0.833333333333333 1	-0.167	221	1	12
0.0833333333333333	0.416666666666667	0.166666666666667 0 1	-0.167	222	1	2
0.916666666666667	0.416666666666667	1 0.833333333333333 1	-0.333	222	1	12
0.75	0.416666666666667	0.833333333333333 0.666666666666667 1	-0.167	222	1	10
0.583333333333333	0.166666666666667	0.666666666666667 0.5 0.5	-0.083	222	1	7
0.75	0.166666666666667	0.833333333333333 0.666666666666667 0.5	-0.083	222	1	9
0.0833333333333333	0.416666666666667	0.166666666666667 0 1	-0.167	223	1	2
0.916666666666667	0.166666666666667	1 0.833333333333333 0.5	-0.083	223	1	11
0.75	0.166666666666667	0.833333333333333 0.666666666666667 0.5	-0.167	223	1	9
0.583333333333333	0.166666666666667	0.666666666666667 0.5 0.5	-0.083	223	1	7
0.916666666666667	0.416666666666667	1 0.833333333333333 1	-0.167	223	1	12
0.0833333333333333	0.416666666666667	0.166666666666667 0 1	-0.167	224	1	2
0.916666666666667	0.416666666666667	1 0.833333333333333 1	-0.333	224	1	12
0.75	0.416666666666667	0.833333333333333 0.666666666666667 1	-0.333	224	1	10
0.583333333333333	0.416666666666667	0.666666666666667 0.5 1	-0.167	224	1	8
0.416666666666667	0.166666666666667	0.5 0.333333333333333 0.5	-0.083	225	1	5
0.25	0.416666666666667	0.333333333333333 0.166666666666667 1	-0.167	225	1	4
0.0833333333333333	0.416666666666667	0.166666666666667 0 1	-0.167	225	1	2
0.916666666666667	0.166666666666667	1 0.833333333333333 0.5	-0.083	225	1	11
0.75	0.166666666666667	0.833333333333333 0.666666666666667 0.5	-0.083	225	1	9
0.916666666666667	0.416666666666667	1 0.833333333333333 1	-0.167	225	1	12
0.416666666666667	0.166666666666667	0.5 0.333333333333333 0.5	-0.083	226	1	5
0.25	0.416666666666667	0.333333333333333 0.166666666666667 1	-0.167	226	1	4
0.0833333333333333	0.416666666666667	0.166666666666667 0 1	-0.167	226	1	2
0.916666666666667	0.416666666666667	1 0.833333333333333 1	-0.333	226	1	12
0.75	0.416666666666667	0.833333333333333 0.666666666666667 1	-0.167	226	1	10
0.25	0.416666666666667	0.333333333333333 0.166666666666667 1	-0.167	227	1	4
0.0833333333333333	0.416666666666667	0.166666666666667 0 1	-0.167	227	1	2
0.916666666666667	0.166666666666667	1 0.833333333333333 0.5	-0.083	227	1	11
0.75	0.166666666666667	0.833333333333333 0.666666666666667 0.5	-0.083	227	1	9
0.916666666666667	0.416666666666667	1 0.833333333333333 1	-0.167	227	1	12
0.25	0.416666666666667	0.333333333333333 0.166666666666667 1	-0.167	228	1	4
0.0833333333333333	0.416666666666667	0.166666666666667 0 1	-0.167	228	1	2
0.916666666666667	0.416666666666667	1 0.833333333333333 1	-0.333	228	1	12
0.75	0.416666666666667	0.833333333333333 0.666666666666667 1	-0.167	228	1	10
0.25	0.416666666666667	0.333333333333333 0.166666666666667 1	-0.167	229	1	4
0.0833333333333333	0.416666666666667	0.166666666666667 0 1	-0.167	229	1	2
0.916666666666667	0.166666666666667	1 0.833333333333333 0.5	-0.083	229	1	11
0.75	0.166666666666667	0.833333333333333 0.666666666666667 0.5	-0.083	229	1	9
0.916666666666667	0.416666666666667	1 0.833333333333333 1	-0.167	229	1	12
0.25	0.416666666666667	0.333333333333333 0.166666666666667 1	-0.167	230	1	4
0.0833333333333333	0.416666666666667	0.166666666666667 0 1	-0.167	230	1	2
0.916666666666667	0.416666666666667	1 0.833333333333333 1	-0.333	230	1	12
0.75	0.416666666666667	0.833333333333333 0.666666666666667 1	-0.167	230	1	10
0.583333333333333	0.166666666666667	0.666666666666667 0.5 0.5	-0.083	230	1	7
0.25	0.416666666666667	0.333333333333333 0.166666666666667 1	-0.167	231	1	4
0.0833333333333333	0.416666666666667	0.166666666666667 0 1	-0.167	231	1	2
0.916666666666667	0.166666666666667	1 0.833333333333333 0.5	-0.083	231	1	11
0.75	0.166666666666667	0.833333333333333 0.666666666666667 0.5	-0.083	231	1	9
0.583333333333333	0.166666666666667	0.666666666666667 0.5 0.5	-0.083	231	1	7
0.916666666666667	0.416666666666667	1 0.833333333333333 1	-0.167	231	1	12
0.25	0.416666666666667	0.333333333333333 0.166666666666667 1	-0.167	232	1	4
0.0833333333333333	0.416666666666667	0.166666666666667 0 1	-0.167	232	1	2
0.916666666666667	0.416666666666667	1 0.833333333333333 1	-0.333	232	1	12
0.75	0.416666666666667	0.833333333333333 0.666666666666667 1	-0.167	232	1	10
0.583333333333333	0.416666666666667	0.666666666666667 0.5 1	-0.167	232	1	8
0.25	0.166666666666667	0.333333333333333 0.166666666666667 0.5	-0.083	233	1	3
0.0833333333333333	0.416666666666667	0.166666666666667 0 1	-0.167	233	1	2
0.916666666666667	0.166666666666667	1 0.833333333333333 0.5	-0.083	233	1	11
0.75	0.166666666666667	0.833333333333333 0.666666666666667 0.5	-0.083	233	1	9
0.583333333333333	0.166666666666667	0.666666666666667 0.5 0.5	-0.083	233	1	7
0.916666666666667	0.416666666666667	1 0.833333333333333 1	-0.167	233	1	12
0.25	0.166666666666667	0.333333333333333 0.166666666666667 0.5	-0.083	234	1	3
0.0833333333333333	0.416666666666667	0.166666666666667 0 1	-0.167	234	1	2
0.916666666666667	0.416666666666667	1 0.833333333333333 1	-0.333	234	1	12
0.75	0.416666666666667	0.833333333333333 0.666666666666667 1	-0.167	234	1	10
0.583333333333333	0.416666666666667	0.666666666666667 0.5 1	-0.167	234	1	8
0.0833333333333333	0.416666666666667	0.166666666666667 0 1	-0.167	235	1	2
0.916666666666667	0.166666666666667	1 0.833333333333333 0.5	-0.083	235	1	11
0.75	0.166666666666667	0.833333333333333 0.666666666666667 0.5	-0.083	235	1	9
0.583333333333333	0.166666666666667	0.666666666666667 0.5 0.5	-0.083	235	1	7
0.916666666666667	0.416666666666667	1 0.833333333333333 1	-0.167	235	1	12
0.0833333333333333	0.416666666666667	0.166666666666667 0 1	-0.167	236	1	2
0.916666666666667	0.416666666666667	1 0.833333333333333 1	-0.333	236	1	12
0.75	0.416666666666667	0.833333333333333 0.666666666666667 1	-0.167	236	1	10
0.583333333333333	0.416666666666667	0.666666666666667 0.5 1	-0.167	236	1	8
0.0833333333333333	0.416666666666667	0.166666666666667 0 1	-0.167	237	1	2
0.916666666666667	0.166666666666667	1 0.833333333333333 0.5	-0.083	237	1	11
0.75	0.166666666666667	0.833333333333333 0.666666666666667 0.5	-0.083	237	1	9
0.583333333333333	0.166666666666667	0.666666666666667 0.5 0.5	-0.083	237	1	7
0.916666666666667	0.416666666666667	1 0.833333333333333 1	-0.167	237	1	12
0.0833333333333333	0.416666666666667	0.166666666666667 0 1	-0.167	238	1	2
0.916666666666667	0.416666666666667	1 0.833333333333333 1	-0.333	238	1	12
0.75	0.416666666666667	0.833333333333333 0.666666666666667 1	-0.167	238	1	10
0.583333333333333	0.416666666666667	0.666666666666667 0.5 1	-0.167	238	1	8
0.416666666666667	0.166666666666667	0.5 0.333333333333333 0.5	-0.083	238	1	5
0.0833333333333333	0.416666666666667	0.166666666666667 0 1	-0.167	239	1	2
0.916666666666667	0.166666666666667	1 0.833333333333333 0.5	-0.083	239	1	11
0.75	0.166666666666667	0.833333333333333 0.666666666666667 0.5	-0.083	239	1	9
0.583333333333333	0.166666666666667	0.666666666666667 0.5 0.5	-0.083	239	1	7
0.416666666666667	0.166666666666667	0.5 0.333333333333333 0.5	-0.083	239	1	5
0.916666666666667	0.416666666666667	1 0.833333333333333 1	-0.167	239	1	12
0.0833333333333333	0.416666666666667	0.166666666666667 0 1	-0.167	240	1	2
0.916666666666667	0.416666666666667	1 0.833333333333333 1	-0.333	240	1	12
0.75	0.416666666666667	0.833333333333333 0.666666666666667 1	-0.167	240	1	10
0.583333333333333	0.416666666666667	0.666666666666667 0.5 1	-0.167	240	1	8
0.416666666666667	0.416666666666667	0.5 0.333333333333333 1	-0.167	240	1	6
0.25	0.166666666666667	0.333333333333333 0.166666666666667 0.5	-0.083	241	1	3
0.0833333333333333	0.416666666666667	0.166666666666667 0 1	-0.167	241	1	2
0.916666666666667	0.166666666666667	1 0.833333333333333 0.5	-0.083	241	1	11
0.75	0.166666666666667	0.833333333333333 0.666666666666667 0.5	-0.083	241	1	9
0.916666666666667	0.416666666666667	1 0.833333333333333 1	-0.167	241	1	12
0.25	0.166666666666667	0.333333333333333 0.166666666666667 0.5	-0.083	242	1	3
0.0833333333333333	0.416666666666667	0.166666666666667 0 1	-0.167	242	1	2
0.916666666666667	0.416666666666667	1 0.833333333333333 1	-0.333	242	1	12
0.75	0.416666666666667	0.833333333333333 0.666666666666667 1	-0.167	242	1	10
0.916666666666667	0.166666666666667	1 0.833333333333333 0.5	-0.083	242	1	11
0.0833333333333333	0.416666666666667	0.166666666666667 0 1	-0.167	243	1	2
0.916666666666667	0.166666666666667	1 0.833333333333333 0.5	-0.167	243	1	11
0.75	0.166666666666667	0.833333333333333 0.666666666666667 0.5	-0.083	243	1	9
0.916666666666667	0.416666666666667	1 0.833333333333333 1	-0.167	243	1	12
0.0833333333333333	0.416666666666667	0.166666666666667 0 1	-0.167	244	1	2
0.916666666666667	0.416666666666667	1 0.833333333333333 1	-0.500	244	1	12
0.75	0.416666666666667	0.833333333333333 0.666666666666667 1	-0.167	244	1	10
0.0833333333333333	0.416666666666667	0.166666666666667 0 1	-0.167	245	1	2
0.916666666666667	0.166666666666667	1 0.833333333333333 0.5	-0.083	245	1	11
0.75	0.166666666666667	0.833333333333333 0.666666666666667 0.5	-0.083	245	1	9
0.916666666666667	0.416666666666667	1 0.833333333333333 1	-0.167	245	1	12
0.0833333333333333	0.416666666666667	0.166666666666667 0 1	-0.167	246	1	2
0.916666666666667	0.416666666666667	1 0.833333333333333 1	-0.333	246	1	12
0.75	0.416666666666667	0.833333333333333 0.666666666666667 1	-0.167	246	1	10
0.583333333333333	0.166666666666667	0.666666666666667 0.5 0.5	-0.083	246	1	7
0.75	0.166666666666667	0.833333333333333 0.666666666666667 0.5	-0.083	246	1	9
0.0833333333333333	0.416666666666667	0.166666666666667 0 1	-0.167	247	1	2
0.916666666666667	0.166666666666667	1 0.833333333333333 0.5	-0.083	247	1	11
0.75	0.166666666666667	0.833333333333333 0.666666666666667 0.5	-0.167	247	1	9
0.583333333333333	0.166666666666667	0.666666666666667 0.5 0.5	-0.083	247	1	7
0.916666666666667	0.416666666666667	1 0.833333333333333 1	-0.167	247	1	12
0.0833333333333333	0.416666666666667	0.166666666666667 0 1	-0.167	248	1	2
0.916666666666667	0.416666666666667	1 0.833333333333333 1	-0.333	248	1	12
0.75	0.416666666666667	0.833333333333333 0.666666666666667 1	-0.333	248	1	10
0.583333333333333	0.416666666666667	0.666666666666667 0.5 1	-0.167	248	1	8
0.0833333333333333	0.166666666666667	0.166666666666667 0 0.5	-0.083	249	1	1
0.916666666666667	0.166666666666667	1 0.833333333333333 0.5	-0.083	249	1	11
0.75	0.166666666666667	0.833333333333333 0.666666666666667 0.5	-0.083	249	1	9
0.583333333333333	0.166666666666667	0.666666666666667 0.5 0.5	-0.083	249	1	7
0.916666666666667	0.416666666666667	1 0.833333333333333 1	-0.167	249	1	12
0.0833333333333333	0.166666666666667	0.166666666666667 0 0.5	-0.083	250	1	1
0.916666666666667	0.416666666666667	1 0.833333333333333 1	-0.333	250	1	12
0.75	0.416666666666667	0.833333333333333 0.666666666666667 1	-0.167	250	1	10
0.583333333333333	0.416666666666667	0.666666666666667 0.5 1	-0.167	250	1	8
0.916666666666667	0.166666666666667	1 0.833333333333333 0.5	-0.083	250	1	11
0.916666666666667	0.166666666666667	1 0.833333333333333 0.5	-0.167	251	1	11
0.75	0.166666666666667	0.833333333333333 0.666666666666667 0.5	-0.083	251	1	9
0.583333333333333	0.166666666666667	0.666666666666667 0.5 0.5	-0.083	251	1	7
0.916666666666667	0.416666666666667	1 0.833333333333333 1	-0.167	251	1	12
0.916666666666667	0.416666666666667	1 0.833333333333333 1	-0.500	252	1	12
0.75	0.416666666666667	0.833333333333333 0.666666666666667 1	-0.167	252	1	10
0.583333333333333	0.416666666666667	0.666666666666667 0.5 1	-0.167	252	1	8
0.916666666666667	0.166666666666667	1 0.833333333333333 0.5	-0.083	253	1	11
0.75	0.166666666666667	0.833333333333333 0.666666666666667 0.5	-0.083	253	1	9
0.583333333333333	0.166666666666667	0.666666666666667 0.5 0.5	-0.083	253	1	7
0.916666666666667	0.416666666666667	1 0.833333333333333 1	-0.167	253	1	12
0.916666666666667	0.416666666666667	1 0.833333333333333 1	-0.333	254	1	12
0.75	0.416666666666667	0.833333333333333 0.666666666666667 1	-0.167	254	1	10
0.583333333333333	0.416666666666667	0.666666666666667 0.5 1	-0.167	254	1	8
0.416666666666667	0.166666666666667	0.5 0.333333333333333 0.5	-0.083	254	1	5
0.75	0.166666666666667	0.833333333333333 0.666666666666667 0.5	-0.083	254	1	9
0.916666666666667	0.166666666666667	1 0.833333333333333 0.5	-0.083	255	1	11
0.75	0.166666666666667	0.833333333333333 0.666666666666667 0.5	-0.167	255	1	9
0.583333333333333	0.166666666666667	0.666666666666667 0.5 0.5	-0.083	255	1	7
0.416666666666667	0.166666666666667	0.5 0.333333333333333 0.5	-0.083	255	1	5
0.916666666666667	0.416666666666667	1 0.833333333333333 1	-0.167	255	1	12
0.916666666666667	0.416666666666667	1 0.833333333333333 1	-0.333	256	1	12
0.75	0.416666666666667	0.833333333333333 0.666666666666667 1	-0.333	256	1	10
0.583333333333333	0.416666666666667	0.666666666666667 0.5 1	-0.167	256	1	8
0.416666666666667	0.416666666666667	0.5 0.333333333333333 1	-0.167	256	1	6
