group	x	y
1	2.5791542507711	1
2	2.5791542507711	1
3	2.5791542507711	1
4	1.82367432945404	0.875
5	1.82367432945404	0.875
6	1.82367432945404	0.875
7	2.21878424216178	0.875
8	2.21878424216178	0.875
9	2.21878424216178	0.875
10	0.577667236198642	0.75
11	0.577667236198642	0.75
12	0.577667236198642	0.75
13	2.5791542507711	0.875
14	2.5791542507711	0.875
15	2.5791542507711	0.875
16	1.82367432945404	0.75
17	1.82367432945404	0.75
18	1.82367432945404	0.75
19	2.21878424216178	0.75
20	2.21878424216178	0.75
21	2.21878424216178	0.75
22	0.577667236198642	0.625
23	0.577667236198642	0.625
24	0.577667236198642	0.625
25	2.5791542507711	0.875
26	2.5791542507711	0.875
27	2.5791542507711	0.875
28	1.82367432945404	0.75
29	1.82367432945404	0.75
30	1.82367432945404	0.75
31	2.21878424216178	0.75
32	2.21878424216178	0.75
33	2.21878424216178	0.75
34	0.577667236198642	0.625
35	0.577667236198642	0.625
36	0.577667236198642	0.625
37	2.5791542507711	0.75
38	2.5791542507711	0.75
39	2.5791542507711	0.75
40	1.82367432945404	0.625
41	1.82367432945404	0.625
42	1.82367432945404	0.625
43	2.21878424216178	0.625
44	2.21878424216178	0.625
45	2.21878424216178	0.625
46	0.577667236198642	0.5
47	0.577667236198642	0.5
48	0.577667236198642	0.5
49	2.5361174453145	0.875
50	2.5361174453145	0.875
51	2.5361174453145	0.875
52	1.82367432945404	0.75
53	1.82367432945404	0.75
54	1.82367432945404	0.75
55	2.21878424216178	0.75
56	2.21878424216178	0.75
57	2.21878424216178	0.75
58	0.577667236198642	0.625
59	0.577667236198642	0.625
60	0.577667236198642	0.625
61	2.47042429382762	0.75
62	2.47042429382762	0.75
63	2.47042429382762	0.75
64	1.82367432945404	0.625
65	1.82367432945404	0.625
66	1.82367432945404	0.625
67	2.21878424216178	0.625
68	2.21878424216178	0.625
69	2.21878424216178	0.625
70	0.577667236198642	0.5
71	0.577667236198642	0.5
72	0.577667236198642	0.5
73	2.5361174453145	0.75
74	2.5361174453145	0.75
75	2.5361174453145	0.75
76	1.82367432945404	0.625
77	1.82367432945404	0.625
78	1.82367432945404	0.625
79	2.21878424216178	0.625
80	2.21878424216178	0.625
81	2.21878424216178	0.625
82	0.577667236198642	0.5
83	0.577667236198642	0.5
84	0.577667236198642	0.5
85	2.47042429382762	0.625
86	2.47042429382762	0.625
87	2.47042429382762	0.625
88	1.82367432945404	0.5
89	1.82367432945404	0.5
90	1.82367432945404	0.5
91	2.21878424216178	0.5
92	2.21878424216178	0.5
93	2.21878424216178	0.5
94	0.577667236198642	0.375
95	0.577667236198642	0.375
96	0.577667236198642	0.375
97	2.5791542507711	0.875
98	2.5791542507711	0.875
99	2.5791542507711	0.875
100	1.82367432945404	0.75
101	1.82367432945404	0.75
102	1.82367432945404	0.75
103	2.21878424216178	0.75
104	2.21878424216178	0.75
105	2.21878424216178	0.75
106	0.577667236198642	0.625
107	0.577667236198642	0.625
108	0.577667236198642	0.625
109	2.5791542507711	0.75
110	2.5791542507711	0.75
111	2.5791542507711	0.75
112	1.82367432945404	0.625
113	1.82367432945404	0.625
114	1.82367432945404	0.625
115	2.21878424216178	0.625
116	2.21878424216178	0.625
117	2.21878424216178	0.625
118	0.577667236198642	0.5
119	0.577667236198642	0.5
120	0.577667236198642	0.5
121	2.5791542507711	0.75
122	2.5791542507711	0.75
123	2.5791542507711	0.75
124	1.82367432945404	0.625
125	1.82367432945404	0.625
126	1.82367432945404	0.625
127	2.21878424216178	0.625
128	2.21878424216178	0.625
129	2.21878424216178	0.625
130	0.577667236198642	0.5
131	0.577667236198642	0.5
132	0.577667236198642	0.5
133	2.5791542507711	0.625
134	2.5791542507711	0.625
135	2.5791542507711	0.625
136	1.82367432945404	0.5
137	1.82367432945404	0.5
138	1.82367432945404	0.5
139	2.21878424216178	0.5
140	2.21878424216178	0.5
141	2.21878424216178	0.5
142	0.577667236198642	0.375
143	0.577667236198642	0.375
144	0.577667236198642	0.375
145	2.5361174453145	0.75
146	2.5361174453145	0.75
147	2.5361174453145	0.75
148	1.82367432945404	0.625
149	1.82367432945404	0.625
150	1.82367432945404	0.625
151	2.21878424216178	0.625
152	2.21878424216178	0.625
153	2.21878424216178	0.625
154	0.577667236198642	0.5
155	0.577667236198642	0.5
156	0.577667236198642	0.5
157	2.47042429382762	0.625
158	2.47042429382762	0.625
159	2.47042429382762	0.625
160	1.82367432945404	0.5
161	1.82367432945404	0.5
162	1.82367432945404	0.5
163	2.21878424216178	0.5
164	2.21878424216178	0.5
165	2.21878424216178	0.5
166	0.577667236198642	0.375
167	0.577667236198642	0.375
168	0.577667236198642	0.375
169	2.5361174453145	0.625
170	2.5361174453145	0.625
171	2.5361174453145	0.625
172	1.82367432945404	0.5
173	1.82367432945404	0.5
174	1.82367432945404	0.5
175	2.21878424216178	0.5
176	2.21878424216178	0.5
177	2.21878424216178	0.5
178	0.577667236198642	0.375
179	0.577667236198642	0.375
180	0.577667236198642	0.375
181	2.47042429382762	0.5
182	2.47042429382762	0.5
183	2.47042429382762	0.5
184	1.82367432945404	0.375
185	1.82367432945404	0.375
186	1.82367432945404	0.375
187	2.21878424216178	0.375
188	2.21878424216178	0.375
189	2.21878424216178	0.375
190	0.577667236198642	0.25
191	0.577667236198642	0.25
192	0.577667236198642	0.25
193	1.07281312446978	0.875
194	1.07281312446978	0.875
195	1.07281312446978	0.875
196	0.360370008609313	0.75
197	0.360370008609313	0.75
198	0.360370008609313	0.75
199	0.755479921317055	0.75
200	0.755479921317055	0.75
201	0.755479921317055	0.75
202	0	0.625
203	0	0.625
204	0	0.625
205	1.0071199729829	0.75
206	1.0071199729829	0.75
207	1.0071199729829	0.75
208	0.360370008609313	0.625
209	0.360370008609313	0.625
210	0.360370008609313	0.625
211	0.755479921317055	0.625
212	0.755479921317055	0.625
213	0.755479921317055	0.625
214	0	0.5
215	0	0.5
216	0	0.5
217	1.07281312446978	0.75
218	1.07281312446978	0.75
219	1.07281312446978	0.75
220	0.360370008609313	0.625
221	0.360370008609313	0.625
222	0.360370008609313	0.625
223	0.755479921317055	0.625
224	0.755479921317055	0.625
225	0.755479921317055	0.625
226	0	0.5
227	0	0.5
228	0	0.5
229	1.0071199729829	0.625
230	1.0071199729829	0.625
231	1.0071199729829	0.625
232	0.360370008609313	0.5
233	0.360370008609313	0.5
234	0.360370008609313	0.5
235	0.755479921317055	0.5
236	0.755479921317055	0.5
237	0.755479921317055	0.5
238	0	0.375
239	0	0.375
240	0	0.375
241	0.964083167526306	0.75
242	0.964083167526306	0.75
243	0.964083167526306	0.75
244	0.317333203152722	0.625
245	0.317333203152722	0.625
246	0.317333203152722	0.625
247	0.712443115860464	0.625
248	0.712443115860464	0.625
249	0.712443115860464	0.625
250	0	0.5
251	0	0.5
252	0	0.5
253	0.858246118498843	0.625
254	0.858246118498843	0.625
255	0.858246118498843	0.625
256	0.251640051665842	0.5
257	0.251640051665842	0.5
258	0.251640051665842	0.5
259	0.606606066833001	0.5
260	0.606606066833001	0.5
261	0.606606066833001	0.5
262	0	0.375
263	0	0.375
264	0	0.375
265	0.964083167526306	0.625
266	0.964083167526306	0.625
267	0.964083167526306	0.625
268	0.317333203152722	0.5
269	0.317333203152722	0.5
270	0.317333203152722	0.5
271	0.712443115860464	0.5
272	0.712443115860464	0.5
273	0.712443115860464	0.5
274	0	0.375
275	0	0.375
276	0	0.375
277	0.858246118498843	0.5
278	0.858246118498843	0.5
279	0.858246118498843	0.5
280	0.251640051665842	0.375
281	0.251640051665842	0.375
282	0.251640051665842	0.375
283	0.606606066833001	0.375
284	0.606606066833001	0.375
285	0.606606066833001	0.375
286	0	0.25
287	0	0.25
288	0	0.25
289	1.07281312446978	0.75
290	1.07281312446978	0.75
291	1.07281312446978	0.75
292	0.360370008609313	0.625
293	0.360370008609313	0.625
294	0.360370008609313	0.625
295	0.755479921317055	0.625
296	0.755479921317055	0.625
297	0.755479921317055	0.625
298	0	0.5
299	0	0.5
300	0	0.5
301	1.0071199729829	0.625
302	1.0071199729829	0.625
303	1.0071199729829	0.625
304	0.360370008609313	0.5
305	0.360370008609313	0.5
306	0.360370008609313	0.5
307	0.755479921317055	0.5
308	0.755479921317055	0.5
309	0.755479921317055	0.5
310	0	0.375
311	0	0.375
312	0	0.375
313	1.07281312446978	0.625
314	1.07281312446978	0.625
315	1.07281312446978	0.625
316	0.360370008609313	0.5
317	0.360370008609313	0.5
318	0.360370008609313	0.5
319	0.755479921317055	0.5
320	0.755479921317055	0.5
321	0.755479921317055	0.5
322	0	0.375
323	0	0.375
324	0	0.375
325	1.0071199729829	0.5
326	1.0071199729829	0.5
327	1.0071199729829	0.5
328	0.360370008609313	0.375
329	0.360370008609313	0.375
330	0.360370008609313	0.375
331	0.755479921317055	0.375
332	0.755479921317055	0.375
333	0.755479921317055	0.375
334	0	0.25
335	0	0.25
336	0	0.25
337	0.964083167526306	0.625
338	0.964083167526306	0.625
339	0.964083167526306	0.625
340	0.317333203152722	0.5
341	0.317333203152722	0.5
342	0.317333203152722	0.5
343	0.712443115860464	0.5
344	0.712443115860464	0.5
345	0.712443115860464	0.5
346	0	0.375
347	0	0.375
348	0	0.375
349	0.800058727347256	0.5
350	0.800058727347256	0.5
351	0.800058727347256	0.5
352	0.251640051665842	0.375
353	0.251640051665842	0.375
354	0.251640051665842	0.375
355	0.548418675681414	0.375
356	0.548418675681414	0.375
357	0.548418675681414	0.375
358	0	0.25
359	0	0.25
360	0	0.25
361	0.93312655667097	0.5
362	0.93312655667097	0.5
363	0.93312655667097	0.5
364	0.317333203152722	0.375
365	0.317333203152722	0.375
366	0.317333203152722	0.375
367	0.681486505005128	0.375
368	0.681486505005128	0.375
369	0.681486505005128	0.375
370	0	0.25
371	0	0.25
372	0	0.25
373	0.508626560011434	0.375
374	0.508626560011434	0.375
375	0.508626560011434	0.375
376	0.251640051665842	0.25
377	0.251640051665842	0.25
378	0.251640051665842	0.25
379	0.508626560011434	0.25
380	0.508626560011434	0.25
381	0.508626560011434	0.25
382	0	0.125
383	0	0.125
384	0	0.125
385	2.5791542507711	0.875
386	2.5791542507711	0.875
387	2.5791542507711	0.875
388	1.82367432945404	0.75
389	1.82367432945404	0.75
390	1.82367432945404	0.75
391	2.21878424216178	0.75
392	2.21878424216178	0.75
393	2.21878424216178	0.75
394	0.577667236198642	0.625
395	0.577667236198642	0.625
396	0.577667236198642	0.625
397	2.5791542507711	0.75
398	2.5791542507711	0.75
399	2.5791542507711	0.75
400	1.82367432945404	0.625
401	1.82367432945404	0.625
402	1.82367432945404	0.625
403	2.21878424216178	0.625
404	2.21878424216178	0.625
405	2.21878424216178	0.625
406	0.577667236198642	0.5
407	0.577667236198642	0.5
408	0.577667236198642	0.5
409	2.5791542507711	0.75
410	2.5791542507711	0.75
411	2.5791542507711	0.75
412	1.82367432945404	0.625
413	1.82367432945404	0.625
414	1.82367432945404	0.625
415	2.21878424216178	0.625
416	2.21878424216178	0.625
417	2.21878424216178	0.625
418	0.577667236198642	0.5
419	0.577667236198642	0.5
420	0.577667236198642	0.5
421	2.5791542507711	0.625
422	2.5791542507711	0.625
423	2.5791542507711	0.625
424	1.82367432945404	0.5
425	1.82367432945404	0.5
426	1.82367432945404	0.5
427	2.21878424216178	0.5
428	2.21878424216178	0.5
429	2.21878424216178	0.5
430	0.577667236198642	0.375
431	0.577667236198642	0.375
432	0.577667236198642	0.375
433	2.5361174453145	0.75
434	2.5361174453145	0.75
435	2.5361174453145	0.75
436	1.82367432945404	0.625
437	1.82367432945404	0.625
438	1.82367432945404	0.625
439	2.21878424216178	0.625
440	2.21878424216178	0.625
441	2.21878424216178	0.625
442	0.577667236198642	0.5
443	0.577667236198642	0.5
444	0.577667236198642	0.5
445	2.47042429382762	0.625
446	2.47042429382762	0.625
447	2.47042429382762	0.625
448	1.82367432945404	0.5
449	1.82367432945404	0.5
450	1.82367432945404	0.5
451	2.21878424216178	0.5
452	2.21878424216178	0.5
453	2.21878424216178	0.5
454	0.577667236198642	0.375
455	0.577667236198642	0.375
456	0.577667236198642	0.375
457	2.5361174453145	0.625
458	2.5361174453145	0.625
459	2.5361174453145	0.625
460	1.82367432945404	0.5
461	1.82367432945404	0.5
462	1.82367432945404	0.5
463	2.21878424216178	0.5
464	2.21878424216178	0.5
465	2.21878424216178	0.5
466	0.577667236198642	0.375
467	0.577667236198642	0.375
468	0.577667236198642	0.375
469	2.47042429382762	0.5
470	2.47042429382762	0.5
471	2.47042429382762	0.5
472	1.82367432945404	0.375
473	1.82367432945404	0.375
474	1.82367432945404	0.375
475	2.21878424216178	0.375
476	2.21878424216178	0.375
477	2.21878424216178	0.375
478	0.577667236198642	0.25
479	0.577667236198642	0.25
480	0.577667236198642	0.25
481	2.5791542507711	0.75
482	2.5791542507711	0.75
483	2.5791542507711	0.75
484	1.82367432945404	0.625
485	1.82367432945404	0.625
486	1.82367432945404	0.625
487	2.21878424216178	0.625
488	2.21878424216178	0.625
489	2.21878424216178	0.625
490	0.577667236198642	0.5
491	0.577667236198642	0.5
492	0.577667236198642	0.5
493	2.5791542507711	0.625
494	2.5791542507711	0.625
495	2.5791542507711	0.625
496	1.82367432945404	0.5
497	1.82367432945404	0.5
498	1.82367432945404	0.5
499	2.21878424216178	0.5
500	2.21878424216178	0.5
501	2.21878424216178	0.5
502	0.577667236198642	0.375
503	0.577667236198642	0.375
504	0.577667236198642	0.375
505	2.5791542507711	0.625
506	2.5791542507711	0.625
507	2.5791542507711	0.625
508	1.82367432945404	0.5
509	1.82367432945404	0.5
510	1.82367432945404	0.5
511	2.21878424216178	0.5
512	2.21878424216178	0.5
513	2.21878424216178	0.5
514	0.577667236198642	0.375
515	0.577667236198642	0.375
516	0.577667236198642	0.375
517	2.5791542507711	0.5
518	2.5791542507711	0.5
519	2.5791542507711	0.5
520	1.82367432945404	0.375
521	1.82367432945404	0.375
522	1.82367432945404	0.375
523	2.21878424216178	0.375
524	2.21878424216178	0.375
525	2.21878424216178	0.375
526	0.577667236198642	0.25
527	0.577667236198642	0.25
528	0.577667236198642	0.25
529	2.5361174453145	0.625
530	2.5361174453145	0.625
531	2.5361174453145	0.625
532	1.82367432945404	0.5
533	1.82367432945404	0.5
534	1.82367432945404	0.5
535	2.21878424216178	0.5
536	2.21878424216178	0.5
537	2.21878424216178	0.5
538	0.577667236198642	0.375
539	0.577667236198642	0.375
540	0.577667236198642	0.375
541	2.47042429382762	0.5
542	2.47042429382762	0.5
543	2.47042429382762	0.5
544	1.82367432945404	0.375
545	1.82367432945404	0.375
546	1.82367432945404	0.375
547	2.21878424216178	0.375
548	2.21878424216178	0.375
549	2.21878424216178	0.375
550	0.577667236198642	0.25
551	0.577667236198642	0.25
552	0.577667236198642	0.25
553	2.5361174453145	0.5
554	2.5361174453145	0.5
555	2.5361174453145	0.5
556	1.82367432945404	0.375
557	1.82367432945404	0.375
558	1.82367432945404	0.375
559	2.21878424216178	0.375
560	2.21878424216178	0.375
561	2.21878424216178	0.375
562	0.577667236198642	0.25
563	0.577667236198642	0.25
564	0.577667236198642	0.25
565	2.21878424216178	0.375
566	2.21878424216178	0.375
567	2.21878424216178	0.375
568	1.82367432945404	0.25
569	1.82367432945404	0.25
570	1.82367432945404	0.25
571	2.21878424216178	0.25
572	2.21878424216178	0.25
573	2.21878424216178	0.25
574	0.577667236198642	0.125
575	0.577667236198642	0.125
576	0.577667236198642	0.125
577	1.07281312446978	0.75
578	1.07281312446978	0.75
579	1.07281312446978	0.75
580	0.360370008609313	0.625
581	0.360370008609313	0.625
582	0.360370008609313	0.625
583	0.755479921317055	0.625
584	0.755479921317055	0.625
585	0.755479921317055	0.625
586	0	0.5
587	0	0.5
588	0	0.5
589	1.0071199729829	0.625
590	1.0071199729829	0.625
591	1.0071199729829	0.625
592	0.360370008609313	0.5
593	0.360370008609313	0.5
594	0.360370008609313	0.5
595	0.755479921317055	0.5
596	0.755479921317055	0.5
597	0.755479921317055	0.5
598	0	0.375
599	0	0.375
600	0	0.375
601	1.07281312446978	0.625
602	1.07281312446978	0.625
603	1.07281312446978	0.625
604	0.360370008609313	0.5
605	0.360370008609313	0.5
606	0.360370008609313	0.5
607	0.755479921317055	0.5
608	0.755479921317055	0.5
609	0.755479921317055	0.5
610	0	0.375
611	0	0.375
612	0	0.375
613	1.0071199729829	0.5
614	1.0071199729829	0.5
615	1.0071199729829	0.5
616	0.360370008609313	0.375
617	0.360370008609313	0.375
618	0.360370008609313	0.375
619	0.755479921317055	0.375
620	0.755479921317055	0.375
621	0.755479921317055	0.375
622	0	0.25
623	0	0.25
624	0	0.25
625	0.964083167526306	0.625
626	0.964083167526306	0.625
627	0.964083167526306	0.625
628	0.317333203152722	0.5
629	0.317333203152722	0.5
630	0.317333203152722	0.5
631	0.712443115860464	0.5
632	0.712443115860464	0.5
633	0.712443115860464	0.5
634	0	0.375
635	0	0.375
636	0	0.375
637	0.858246118498843	0.5
638	0.858246118498843	0.5
639	0.858246118498843	0.5
640	0.251640051665842	0.375
641	0.251640051665842	0.375
642	0.251640051665842	0.375
643	0.606606066833001	0.375
644	0.606606066833001	0.375
645	0.606606066833001	0.375
646	0	0.25
647	0	0.25
648	0	0.25
649	0.964083167526306	0.5
650	0.964083167526306	0.5
651	0.964083167526306	0.5
652	0.317333203152722	0.375
653	0.317333203152722	0.375
654	0.317333203152722	0.375
655	0.712443115860464	0.375
656	0.712443115860464	0.375
657	0.712443115860464	0.375
658	0	0.25
659	0	0.25
660	0	0.25
661	0.606606066833001	0.375
662	0.606606066833001	0.375
663	0.606606066833001	0.375
664	0.251640051665842	0.25
665	0.251640051665842	0.25
666	0.251640051665842	0.25
667	0.606606066833001	0.25
668	0.606606066833001	0.25
669	0.606606066833001	0.25
670	0	0.125
671	0	0.125
672	0	0.125
673	1.07281312446978	0.625
674	1.07281312446978	0.625
675	1.07281312446978	0.625
676	0.360370008609313	0.5
677	0.360370008609313	0.5
678	0.360370008609313	0.5
679	0.755479921317055	0.5
680	0.755479921317055	0.5
681	0.755479921317055	0.5
682	0	0.375
683	0	0.375
684	0	0.375
685	1.0071199729829	0.5
686	1.0071199729829	0.5
687	1.0071199729829	0.5
688	0.360370008609313	0.375
689	0.360370008609313	0.375
690	0.360370008609313	0.375
691	0.755479921317055	0.375
692	0.755479921317055	0.375
693	0.755479921317055	0.375
694	0	0.25
695	0	0.25
696	0	0.25
697	1.07281312446978	0.5
698	1.07281312446978	0.5
699	1.07281312446978	0.5
700	0.360370008609313	0.375
701	0.360370008609313	0.375
702	0.360370008609313	0.375
703	0.755479921317055	0.375
704	0.755479921317055	0.375
705	0.755479921317055	0.375
706	0	0.25
707	0	0.25
708	0	0.25
709	0.755479921317055	0.375
710	0.755479921317055	0.375
711	0.755479921317055	0.375
712	0.360370008609313	0.25
713	0.360370008609313	0.25
714	0.360370008609313	0.25
715	0.755479921317055	0.25
716	0.755479921317055	0.25
717	0.755479921317055	0.25
718	0	0.125
719	0	0.125
720	0	0.125
721	0.964083167526306	0.5
722	0.964083167526306	0.5
723	0.964083167526306	0.5
724	0.317333203152722	0.375
725	0.317333203152722	0.375
726	0.317333203152722	0.375
727	0.712443115860464	0.375
728	0.712443115860464	0.375
729	0.712443115860464	0.375
730	0	0.25
731	0	0.25
732	0	0.25
733	0.548418675681414	0.375
734	0.548418675681414	0.375
735	0.548418675681414	0.375
736	0.251640051665842	0.25
737	0.251640051665842	0.25
738	0.251640051665842	0.25
739	0.548418675681414	0.25
740	0.548418675681414	0.25
741	0.548418675681414	0.25
742	0	0.125
743	0	0.125
744	0	0.125
745	0.650529894149793	0.375
746	0.650529894149793	0.375
747	0.650529894149793	0.375
748	0.317333203152722	0.25
749	0.317333203152722	0.25
750	0.317333203152722	0.25
751	0.650529894149793	0.25
752	0.650529894149793	0.25
753	0.650529894149793	0.25
754	0	0.125
755	0	0.125
756	0	0.125
757	0	0.25
758	0	0.25
759	0	0.25
760	0	0.125
761	0	0.125
762	0	0.125
763	0	0.125
764	0	0.125
765	0	0.125
766	0	0
767	0	0
768	0	0
769	1	0.333333333333333
770	1	0.333333333333333
771	1	0.333333333333333
772	0.875	0.666666666666667
773	0.875	0.666666666666667
774	0.875	0.666666666666667
775	0.875	0.5
776	0.875	0.5
777	0.875	0.5
778	0.75	0.833333333333333
779	0.75	0.833333333333333
780	0.75	0.833333333333333
781	0.875	0.5
782	0.875	0.5
783	0.875	0.5
784	0.75	0.75
785	0.75	0.75
786	0.75	0.75
787	0.75	0.583333333333333
788	0.75	0.583333333333333
789	0.75	0.583333333333333
790	0.625	0.833333333333333
791	0.625	0.833333333333333
792	0.625	0.833333333333333
793	0.875	0.416666666666667
794	0.875	0.416666666666667
795	0.875	0.416666666666667
796	0.75	0.666666666666667
797	0.75	0.666666666666667
798	0.75	0.666666666666667
799	0.75	0.583333333333333
800	0.75	0.583333333333333
801	0.75	0.583333333333333
802	0.625	0.833333333333333
803	0.625	0.833333333333333
804	0.625	0.833333333333333
805	0.75	0.583333333333333
806	0.75	0.583333333333333
807	0.75	0.583333333333333
808	0.625	0.75
809	0.625	0.75
810	0.625	0.75
811	0.625	0.666666666666667
812	0.625	0.666666666666667
813	0.625	0.666666666666667
814	0.5	0.833333333333333
815	0.5	0.833333333333333
816	0.5	0.833333333333333
817	0.875	0.5
818	0.875	0.5
819	0.875	0.5
820	0.75	0.75
821	0.75	0.75
822	0.75	0.75
823	0.75	0.583333333333333
824	0.75	0.583333333333333
825	0.75	0.583333333333333
826	0.625	0.833333333333333
827	0.625	0.833333333333333
828	0.625	0.833333333333333
829	0.75	0.666666666666667
830	0.75	0.666666666666667
831	0.75	0.666666666666667
832	0.625	0.833333333333333
833	0.625	0.833333333333333
834	0.625	0.833333333333333
835	0.625	0.666666666666667
836	0.625	0.666666666666667
837	0.625	0.666666666666667
838	0.5	0.833333333333333
839	0.5	0.833333333333333
840	0.5	0.833333333333333
841	0.75	0.583333333333333
842	0.75	0.583333333333333
843	0.75	0.583333333333333
844	0.625	0.75
845	0.625	0.75
846	0.625	0.75
847	0.625	0.666666666666667
848	0.625	0.666666666666667
849	0.625	0.666666666666667
850	0.5	0.833333333333333
851	0.5	0.833333333333333
852	0.5	0.833333333333333
853	0.625	0.75
854	0.625	0.75
855	0.625	0.75
856	0.5	0.833333333333333
857	0.5	0.833333333333333
858	0.5	0.833333333333333
859	0.5	0.75
860	0.5	0.75
861	0.5	0.75
862	0.375	0.833333333333333
863	0.375	0.833333333333333
864	0.375	0.833333333333333
865	0.875	0.416666666666667
866	0.875	0.416666666666667
867	0.875	0.416666666666667
868	0.75	0.666666666666667
869	0.75	0.666666666666667
870	0.75	0.666666666666667
871	0.75	0.583333333333333
872	0.75	0.583333333333333
873	0.75	0.583333333333333
874	0.625	0.833333333333333
875	0.625	0.833333333333333
876	0.625	0.833333333333333
877	0.75	0.583333333333333
878	0.75	0.583333333333333
879	0.75	0.583333333333333
880	0.625	0.75
881	0.625	0.75
882	0.625	0.75
883	0.625	0.666666666666667
884	0.625	0.666666666666667
885	0.625	0.666666666666667
886	0.5	0.833333333333333
887	0.5	0.833333333333333
888	0.5	0.833333333333333
889	0.75	0.5
890	0.75	0.5
891	0.75	0.5
892	0.625	0.666666666666667
893	0.625	0.666666666666667
894	0.625	0.666666666666667
895	0.625	0.666666666666667
896	0.625	0.666666666666667
897	0.625	0.666666666666667
898	0.5	0.833333333333333
899	0.5	0.833333333333333
900	0.5	0.833333333333333
901	0.625	0.666666666666667
902	0.625	0.666666666666667
903	0.625	0.666666666666667
904	0.5	0.75
905	0.5	0.75
906	0.5	0.75
907	0.5	0.75
908	0.5	0.75
909	0.5	0.75
910	0.375	0.833333333333333
911	0.375	0.833333333333333
912	0.375	0.833333333333333
913	0.75	0.583333333333333
914	0.75	0.583333333333333
915	0.75	0.583333333333333
916	0.625	0.75
917	0.625	0.75
918	0.625	0.75
919	0.625	0.666666666666667
920	0.625	0.666666666666667
921	0.625	0.666666666666667
922	0.5	0.833333333333333
923	0.5	0.833333333333333
924	0.5	0.833333333333333
925	0.625	0.75
926	0.625	0.75
927	0.625	0.75
928	0.5	0.833333333333333
929	0.5	0.833333333333333
930	0.5	0.833333333333333
931	0.5	0.75
932	0.5	0.75
933	0.5	0.75
934	0.375	0.833333333333333
935	0.375	0.833333333333333
936	0.375	0.833333333333333
937	0.625	0.666666666666667
938	0.625	0.666666666666667
939	0.625	0.666666666666667
940	0.5	0.75
941	0.5	0.75
942	0.5	0.75
943	0.5	0.75
944	0.5	0.75
945	0.5	0.75
946	0.375	0.833333333333333
947	0.375	0.833333333333333
948	0.375	0.833333333333333
949	0.5	0.833333333333333
950	0.5	0.833333333333333
951	0.5	0.833333333333333
952	0.375	0.833333333333333
953	0.375	0.833333333333333
954	0.375	0.833333333333333
955	0.375	0.833333333333333
956	0.375	0.833333333333333
957	0.375	0.833333333333333
958	0.25	0.833333333333333
959	0.25	0.833333333333333
960	0.25	0.833333333333333
961	0.875	0.5
962	0.875	0.5
963	0.875	0.5
964	0.75	0.833333333333333
965	0.75	0.833333333333333
966	0.75	0.833333333333333
967	0.75	0.666666666666667
968	0.75	0.666666666666667
969	0.75	0.666666666666667
970	0.625	1
971	0.625	1
972	0.625	1
973	0.75	0.666666666666667
974	0.75	0.666666666666667
975	0.75	0.666666666666667
976	0.625	0.916666666666667
977	0.625	0.916666666666667
978	0.625	0.916666666666667
979	0.625	0.75
980	0.625	0.75
981	0.625	0.75
982	0.5	1
983	0.5	1
984	0.5	1
985	0.75	0.583333333333333
986	0.75	0.583333333333333
987	0.75	0.583333333333333
988	0.625	0.833333333333333
989	0.625	0.833333333333333
990	0.625	0.833333333333333
991	0.625	0.75
992	0.625	0.75
993	0.625	0.75
994	0.5	1
995	0.5	1
996	0.5	1
997	0.625	0.75
998	0.625	0.75
999	0.625	0.75
1000	0.5	0.916666666666667
1001	0.5	0.916666666666667
1002	0.5	0.916666666666667
1003	0.5	0.833333333333333
1004	0.5	0.833333333333333
1005	0.5	0.833333333333333
1006	0.375	1
1007	0.375	1
1008	0.375	1
1009	0.75	0.666666666666667
1010	0.75	0.666666666666667
1011	0.75	0.666666666666667
1012	0.625	0.916666666666667
1013	0.625	0.916666666666667
1014	0.625	0.916666666666667
1015	0.625	0.75
1016	0.625	0.75
1017	0.625	0.75
1018	0.5	1
1019	0.5	1
1020	0.5	1
1021	0.625	0.833333333333333
1022	0.625	0.833333333333333
1023	0.625	0.833333333333333
1024	0.5	1
1025	0.5	1
1026	0.5	1
1027	0.5	0.833333333333333
1028	0.5	0.833333333333333
1029	0.5	0.833333333333333
1030	0.375	1
1031	0.375	1
1032	0.375	1
1033	0.625	0.75
1034	0.625	0.75
1035	0.625	0.75
1036	0.5	0.916666666666667
1037	0.5	0.916666666666667
1038	0.5	0.916666666666667
1039	0.5	0.833333333333333
1040	0.5	0.833333333333333
1041	0.5	0.833333333333333
1042	0.375	1
1043	0.375	1
1044	0.375	1
1045	0.5	0.916666666666667
1046	0.5	0.916666666666667
1047	0.5	0.916666666666667
1048	0.375	1
1049	0.375	1
1050	0.375	1
1051	0.375	0.916666666666667
1052	0.375	0.916666666666667
1053	0.375	0.916666666666667
1054	0.25	1
1055	0.25	1
1056	0.25	1
1057	0.75	0.583333333333333
1058	0.75	0.583333333333333
1059	0.75	0.583333333333333
1060	0.625	0.833333333333333
1061	0.625	0.833333333333333
1062	0.625	0.833333333333333
1063	0.625	0.75
1064	0.625	0.75
1065	0.625	0.75
1066	0.5	1
1067	0.5	1
1068	0.5	1
1069	0.625	0.75
1070	0.625	0.75
1071	0.625	0.75
1072	0.5	0.916666666666667
1073	0.5	0.916666666666667
1074	0.5	0.916666666666667
1075	0.5	0.833333333333333
1076	0.5	0.833333333333333
1077	0.5	0.833333333333333
1078	0.375	1
1079	0.375	1
1080	0.375	1
1081	0.625	0.666666666666667
1082	0.625	0.666666666666667
1083	0.625	0.666666666666667
1084	0.5	0.833333333333333
1085	0.5	0.833333333333333
1086	0.5	0.833333333333333
1087	0.5	0.833333333333333
1088	0.5	0.833333333333333
1089	0.5	0.833333333333333
1090	0.375	1
1091	0.375	1
1092	0.375	1
1093	0.5	0.833333333333333
1094	0.5	0.833333333333333
1095	0.5	0.833333333333333
1096	0.375	0.916666666666667
1097	0.375	0.916666666666667
1098	0.375	0.916666666666667
1099	0.375	0.916666666666667
1100	0.375	0.916666666666667
1101	0.375	0.916666666666667
1102	0.25	1
1103	0.25	1
1104	0.25	1
1105	0.625	0.75
1106	0.625	0.75
1107	0.625	0.75
1108	0.5	0.916666666666667
1109	0.5	0.916666666666667
1110	0.5	0.916666666666667
1111	0.5	0.833333333333333
1112	0.5	0.833333333333333
1113	0.5	0.833333333333333
1114	0.375	1
1115	0.375	1
1116	0.375	1
1117	0.5	0.916666666666667
1118	0.5	0.916666666666667
1119	0.5	0.916666666666667
1120	0.375	1
1121	0.375	1
1122	0.375	1
1123	0.375	0.916666666666667
1124	0.375	0.916666666666667
1125	0.375	0.916666666666667
1126	0.25	1
1127	0.25	1
1128	0.25	1
1129	0.5	0.833333333333333
1130	0.5	0.833333333333333
1131	0.5	0.833333333333333
1132	0.375	0.916666666666667
1133	0.375	0.916666666666667
1134	0.375	0.916666666666667
1135	0.375	0.916666666666667
1136	0.375	0.916666666666667
1137	0.375	0.916666666666667
1138	0.25	1
1139	0.25	1
1140	0.25	1
1141	0.375	1
1142	0.375	1
1143	0.375	1
1144	0.25	1
1145	0.25	1
1146	0.25	1
1147	0.25	1
1148	0.25	1
1149	0.25	1
1150	0.125	1
1151	0.125	1
1152	0.125	1
1153	0.875	0.333333333333333
1154	0.875	0.333333333333333
1155	0.875	0.333333333333333
1156	0.75	0.666666666666667
1157	0.75	0.666666666666667
1158	0.75	0.666666666666667
1159	0.75	0.5
1160	0.75	0.5
1161	0.75	0.5
1162	0.625	0.833333333333333
1163	0.625	0.833333333333333
1164	0.625	0.833333333333333
1165	0.75	0.5
1166	0.75	0.5
1167	0.75	0.5
1168	0.625	0.75
1169	0.625	0.75
1170	0.625	0.75
1171	0.625	0.583333333333333
1172	0.625	0.583333333333333
1173	0.625	0.583333333333333
1174	0.5	0.833333333333333
1175	0.5	0.833333333333333
1176	0.5	0.833333333333333
1177	0.75	0.416666666666667
1178	0.75	0.416666666666667
1179	0.75	0.416666666666667
1180	0.625	0.666666666666667
1181	0.625	0.666666666666667
1182	0.625	0.666666666666667
1183	0.625	0.583333333333333
1184	0.625	0.583333333333333
1185	0.625	0.583333333333333
1186	0.5	0.833333333333333
1187	0.5	0.833333333333333
1188	0.5	0.833333333333333
1189	0.625	0.583333333333333
1190	0.625	0.583333333333333
1191	0.625	0.583333333333333
1192	0.5	0.75
1193	0.5	0.75
1194	0.5	0.75
1195	0.5	0.666666666666667
1196	0.5	0.666666666666667
1197	0.5	0.666666666666667
1198	0.375	0.833333333333333
1199	0.375	0.833333333333333
1200	0.375	0.833333333333333
1201	0.75	0.5
1202	0.75	0.5
1203	0.75	0.5
1204	0.625	0.75
1205	0.625	0.75
1206	0.625	0.75
1207	0.625	0.583333333333333
1208	0.625	0.583333333333333
1209	0.625	0.583333333333333
1210	0.5	0.833333333333333
1211	0.5	0.833333333333333
1212	0.5	0.833333333333333
1213	0.625	0.666666666666667
1214	0.625	0.666666666666667
1215	0.625	0.666666666666667
1216	0.5	0.833333333333333
1217	0.5	0.833333333333333
1218	0.5	0.833333333333333
1219	0.5	0.666666666666667
1220	0.5	0.666666666666667
1221	0.5	0.666666666666667
1222	0.375	0.833333333333333
1223	0.375	0.833333333333333
1224	0.375	0.833333333333333
1225	0.625	0.583333333333333
1226	0.625	0.583333333333333
1227	0.625	0.583333333333333
1228	0.5	0.75
1229	0.5	0.75
1230	0.5	0.75
1231	0.5	0.666666666666667
1232	0.5	0.666666666666667
1233	0.5	0.666666666666667
1234	0.375	0.833333333333333
1235	0.375	0.833333333333333
1236	0.375	0.833333333333333
1237	0.5	0.75
1238	0.5	0.75
1239	0.5	0.75
1240	0.375	0.833333333333333
1241	0.375	0.833333333333333
1242	0.375	0.833333333333333
1243	0.375	0.75
1244	0.375	0.75
1245	0.375	0.75
1246	0.25	0.833333333333333
1247	0.25	0.833333333333333
1248	0.25	0.833333333333333
1249	0.75	0.416666666666667
1250	0.75	0.416666666666667
1251	0.75	0.416666666666667
1252	0.625	0.666666666666667
1253	0.625	0.666666666666667
1254	0.625	0.666666666666667
1255	0.625	0.583333333333333
1256	0.625	0.583333333333333
1257	0.625	0.583333333333333
1258	0.5	0.833333333333333
1259	0.5	0.833333333333333
1260	0.5	0.833333333333333
1261	0.625	0.583333333333333
1262	0.625	0.583333333333333
1263	0.625	0.583333333333333
1264	0.5	0.75
1265	0.5	0.75
1266	0.5	0.75
1267	0.5	0.666666666666667
1268	0.5	0.666666666666667
1269	0.5	0.666666666666667
1270	0.375	0.833333333333333
1271	0.375	0.833333333333333
1272	0.375	0.833333333333333
1273	0.625	0.5
1274	0.625	0.5
1275	0.625	0.5
1276	0.5	0.666666666666667
1277	0.5	0.666666666666667
1278	0.5	0.666666666666667
1279	0.5	0.666666666666667
1280	0.5	0.666666666666667
1281	0.5	0.666666666666667
1282	0.375	0.833333333333333
1283	0.375	0.833333333333333
1284	0.375	0.833333333333333
1285	0.5	0.666666666666667
1286	0.5	0.666666666666667
1287	0.5	0.666666666666667
1288	0.375	0.75
1289	0.375	0.75
1290	0.375	0.75
1291	0.375	0.75
1292	0.375	0.75
1293	0.375	0.75
1294	0.25	0.833333333333333
1295	0.25	0.833333333333333
1296	0.25	0.833333333333333
1297	0.625	0.583333333333333
1298	0.625	0.583333333333333
1299	0.625	0.583333333333333
1300	0.5	0.75
1301	0.5	0.75
1302	0.5	0.75
1303	0.5	0.666666666666667
1304	0.5	0.666666666666667
1305	0.5	0.666666666666667
1306	0.375	0.833333333333333
1307	0.375	0.833333333333333
1308	0.375	0.833333333333333
1309	0.5	0.75
1310	0.5	0.75
1311	0.5	0.75
1312	0.375	0.833333333333333
1313	0.375	0.833333333333333
1314	0.375	0.833333333333333
1315	0.375	0.75
1316	0.375	0.75
1317	0.375	0.75
1318	0.25	0.833333333333333
1319	0.25	0.833333333333333
1320	0.25	0.833333333333333
1321	0.5	0.666666666666667
1322	0.5	0.666666666666667
1323	0.5	0.666666666666667
1324	0.375	0.75
1325	0.375	0.75
1326	0.375	0.75
1327	0.375	0.75
1328	0.375	0.75
1329	0.375	0.75
1330	0.25	0.833333333333333
1331	0.25	0.833333333333333
1332	0.25	0.833333333333333
1333	0.375	0.833333333333333
1334	0.375	0.833333333333333
1335	0.375	0.833333333333333
1336	0.25	0.833333333333333
1337	0.25	0.833333333333333
1338	0.25	0.833333333333333
1339	0.25	0.833333333333333
1340	0.25	0.833333333333333
1341	0.25	0.833333333333333
1342	0.125	0.833333333333333
1343	0.125	0.833333333333333
1344	0.125	0.833333333333333
1345	0.75	0.5
1346	0.75	0.5
1347	0.75	0.5
1348	0.625	0.833333333333333
1349	0.625	0.833333333333333
1350	0.625	0.833333333333333
1351	0.625	0.666666666666667
1352	0.625	0.666666666666667
1353	0.625	0.666666666666667
1354	0.5	1
1355	0.5	1
1356	0.5	1
1357	0.625	0.666666666666667
1358	0.625	0.666666666666667
1359	0.625	0.666666666666667
1360	0.5	0.916666666666667
1361	0.5	0.916666666666667
1362	0.5	0.916666666666667
1363	0.5	0.75
1364	0.5	0.75
1365	0.5	0.75
1366	0.375	1
1367	0.375	1
1368	0.375	1
1369	0.625	0.583333333333333
1370	0.625	0.583333333333333
1371	0.625	0.583333333333333
1372	0.5	0.833333333333333
1373	0.5	0.833333333333333
1374	0.5	0.833333333333333
1375	0.5	0.75
1376	0.5	0.75
1377	0.5	0.75
1378	0.375	1
1379	0.375	1
1380	0.375	1
1381	0.5	0.75
1382	0.5	0.75
1383	0.5	0.75
1384	0.375	0.916666666666667
1385	0.375	0.916666666666667
1386	0.375	0.916666666666667
1387	0.375	0.833333333333333
1388	0.375	0.833333333333333
1389	0.375	0.833333333333333
1390	0.25	1
1391	0.25	1
1392	0.25	1
1393	0.625	0.666666666666667
1394	0.625	0.666666666666667
1395	0.625	0.666666666666667
1396	0.5	0.916666666666667
1397	0.5	0.916666666666667
1398	0.5	0.916666666666667
1399	0.5	0.75
1400	0.5	0.75
1401	0.5	0.75
1402	0.375	1
1403	0.375	1
1404	0.375	1
1405	0.5	0.833333333333333
1406	0.5	0.833333333333333
1407	0.5	0.833333333333333
1408	0.375	1
1409	0.375	1
1410	0.375	1
1411	0.375	0.833333333333333
1412	0.375	0.833333333333333
1413	0.375	0.833333333333333
1414	0.25	1
1415	0.25	1
1416	0.25	1
1417	0.5	0.75
1418	0.5	0.75
1419	0.5	0.75
1420	0.375	0.916666666666667
1421	0.375	0.916666666666667
1422	0.375	0.916666666666667
1423	0.375	0.833333333333333
1424	0.375	0.833333333333333
1425	0.375	0.833333333333333
1426	0.25	1
1427	0.25	1
1428	0.25	1
1429	0.375	0.916666666666667
1430	0.375	0.916666666666667
1431	0.375	0.916666666666667
1432	0.25	1
1433	0.25	1
1434	0.25	1
1435	0.25	0.916666666666667
1436	0.25	0.916666666666667
1437	0.25	0.916666666666667
1438	0.125	1
1439	0.125	1
1440	0.125	1
1441	0.625	0.583333333333333
1442	0.625	0.583333333333333
1443	0.625	0.583333333333333
1444	0.5	0.833333333333333
1445	0.5	0.833333333333333
1446	0.5	0.833333333333333
1447	0.5	0.75
1448	0.5	0.75
1449	0.5	0.75
1450	0.375	1
1451	0.375	1
1452	0.375	1
1453	0.5	0.75
1454	0.5	0.75
1455	0.5	0.75
1456	0.375	0.916666666666667
1457	0.375	0.916666666666667
1458	0.375	0.916666666666667
1459	0.375	0.833333333333333
1460	0.375	0.833333333333333
1461	0.375	0.833333333333333
1462	0.25	1
1463	0.25	1
1464	0.25	1
1465	0.5	0.666666666666667
1466	0.5	0.666666666666667
1467	0.5	0.666666666666667
1468	0.375	0.833333333333333
1469	0.375	0.833333333333333
1470	0.375	0.833333333333333
1471	0.375	0.833333333333333
1472	0.375	0.833333333333333
1473	0.375	0.833333333333333
1474	0.25	1
1475	0.25	1
1476	0.25	1
1477	0.375	0.833333333333333
1478	0.375	0.833333333333333
1479	0.375	0.833333333333333
1480	0.25	0.916666666666667
1481	0.25	0.916666666666667
1482	0.25	0.916666666666667
1483	0.25	0.916666666666667
1484	0.25	0.916666666666667
1485	0.25	0.916666666666667
1486	0.125	1
1487	0.125	1
1488	0.125	1
1489	0.5	0.75
1490	0.5	0.75
1491	0.5	0.75
1492	0.375	0.916666666666667
1493	0.375	0.916666666666667
1494	0.375	0.916666666666667
1495	0.375	0.833333333333333
1496	0.375	0.833333333333333
1497	0.375	0.833333333333333
1498	0.25	1
1499	0.25	1
1500	0.25	1
1501	0.375	0.916666666666667
1502	0.375	0.916666666666667
1503	0.375	0.916666666666667
1504	0.25	1
1505	0.25	1
1506	0.25	1
1507	0.25	0.916666666666667
1508	0.25	0.916666666666667
1509	0.25	0.916666666666667
1510	0.125	1
1511	0.125	1
1512	0.125	1
1513	0.375	0.833333333333333
1514	0.375	0.833333333333333
1515	0.375	0.833333333333333
1516	0.25	0.916666666666667
1517	0.25	0.916666666666667
1518	0.25	0.916666666666667
1519	0.25	0.916666666666667
1520	0.25	0.916666666666667
1521	0.25	0.916666666666667
1522	0.125	1
1523	0.125	1
1524	0.125	1
1525	0.25	1
1526	0.25	1
1527	0.25	1
1528	0.125	1
1529	0.125	1
1530	0.125	1
1531	0.125	1
1532	0.125	1
1533	0.125	1
1534	0	1
1535	0	1
1536	0	1
1537	2.5791542507711	0.333333333333333
1538	2.5791542507711	0.333333333333333
1539	2.5791542507711	0.333333333333333
1540	1.82367432945404	0.666666666666667
1541	1.82367432945404	0.666666666666667
1542	1.82367432945404	0.666666666666667
1543	2.21878424216178	0.5
1544	2.21878424216178	0.5
1545	2.21878424216178	0.5
1546	0.577667236198642	0.833333333333333
1547	0.577667236198642	0.833333333333333
1548	0.577667236198642	0.833333333333333
1549	2.5791542507711	0.5
1550	2.5791542507711	0.5
1551	2.5791542507711	0.5
1552	1.82367432945404	0.75
1553	1.82367432945404	0.75
1554	1.82367432945404	0.75
1555	2.21878424216178	0.583333333333333
1556	2.21878424216178	0.583333333333333
1557	2.21878424216178	0.583333333333333
1558	0.577667236198642	0.833333333333333
1559	0.577667236198642	0.833333333333333
1560	0.577667236198642	0.833333333333333
1561	2.5791542507711	0.416666666666667
1562	2.5791542507711	0.416666666666667
1563	2.5791542507711	0.416666666666667
1564	1.82367432945404	0.666666666666667
1565	1.82367432945404	0.666666666666667
1566	1.82367432945404	0.666666666666667
1567	2.21878424216178	0.583333333333333
1568	2.21878424216178	0.583333333333333
1569	2.21878424216178	0.583333333333333
1570	0.577667236198642	0.833333333333333
1571	0.577667236198642	0.833333333333333
1572	0.577667236198642	0.833333333333333
1573	2.5791542507711	0.583333333333333
1574	2.5791542507711	0.583333333333333
1575	2.5791542507711	0.583333333333333
1576	1.82367432945404	0.75
1577	1.82367432945404	0.75
1578	1.82367432945404	0.75
1579	2.21878424216178	0.666666666666667
1580	2.21878424216178	0.666666666666667
1581	2.21878424216178	0.666666666666667
1582	0.577667236198642	0.833333333333333
1583	0.577667236198642	0.833333333333333
1584	0.577667236198642	0.833333333333333
1585	2.5361174453145	0.5
1586	2.5361174453145	0.5
1587	2.5361174453145	0.5
1588	1.82367432945404	0.75
1589	1.82367432945404	0.75
1590	1.82367432945404	0.75
1591	2.21878424216178	0.583333333333333
1592	2.21878424216178	0.583333333333333
1593	2.21878424216178	0.583333333333333
1594	0.577667236198642	0.833333333333333
1595	0.577667236198642	0.833333333333333
1596	0.577667236198642	0.833333333333333
1597	2.47042429382762	0.666666666666667
1598	2.47042429382762	0.666666666666667
1599	2.47042429382762	0.666666666666667
1600	1.82367432945404	0.833333333333333
1601	1.82367432945404	0.833333333333333
1602	1.82367432945404	0.833333333333333
1603	2.21878424216178	0.666666666666667
1604	2.21878424216178	0.666666666666667
1605	2.21878424216178	0.666666666666667
1606	0.577667236198642	0.833333333333333
1607	0.577667236198642	0.833333333333333
1608	0.577667236198642	0.833333333333333
1609	2.5361174453145	0.583333333333333
1610	2.5361174453145	0.583333333333333
1611	2.5361174453145	0.583333333333333
1612	1.82367432945404	0.75
1613	1.82367432945404	0.75
1614	1.82367432945404	0.75
1615	2.21878424216178	0.666666666666667
1616	2.21878424216178	0.666666666666667
1617	2.21878424216178	0.666666666666667
1618	0.577667236198642	0.833333333333333
1619	0.577667236198642	0.833333333333333
1620	0.577667236198642	0.833333333333333
1621	2.47042429382762	0.75
1622	2.47042429382762	0.75
1623	2.47042429382762	0.75
1624	1.82367432945404	0.833333333333333
1625	1.82367432945404	0.833333333333333
1626	1.82367432945404	0.833333333333333
1627	2.21878424216178	0.75
1628	2.21878424216178	0.75
1629	2.21878424216178	0.75
1630	0.577667236198642	0.833333333333333
1631	0.577667236198642	0.833333333333333
1632	0.577667236198642	0.833333333333333
1633	2.5791542507711	0.416666666666667
1634	2.5791542507711	0.416666666666667
1635	2.5791542507711	0.416666666666667
1636	1.82367432945404	0.666666666666667
1637	1.82367432945404	0.666666666666667
1638	1.82367432945404	0.666666666666667
1639	2.21878424216178	0.583333333333333
1640	2.21878424216178	0.583333333333333
1641	2.21878424216178	0.583333333333333
1642	0.577667236198642	0.833333333333333
1643	0.577667236198642	0.833333333333333
1644	0.577667236198642	0.833333333333333
1645	2.5791542507711	0.583333333333333
1646	2.5791542507711	0.583333333333333
1647	2.5791542507711	0.583333333333333
1648	1.82367432945404	0.75
1649	1.82367432945404	0.75
1650	1.82367432945404	0.75
1651	2.21878424216178	0.666666666666667
1652	2.21878424216178	0.666666666666667
1653	2.21878424216178	0.666666666666667
1654	0.577667236198642	0.833333333333333
1655	0.577667236198642	0.833333333333333
1656	0.577667236198642	0.833333333333333
1657	2.5791542507711	0.5
1658	2.5791542507711	0.5
1659	2.5791542507711	0.5
1660	1.82367432945404	0.666666666666667
1661	1.82367432945404	0.666666666666667
1662	1.82367432945404	0.666666666666667
1663	2.21878424216178	0.666666666666667
1664	2.21878424216178	0.666666666666667
1665	2.21878424216178	0.666666666666667
1666	0.577667236198642	0.833333333333333
1667	0.577667236198642	0.833333333333333
1668	0.577667236198642	0.833333333333333
1669	2.5791542507711	0.666666666666667
1670	2.5791542507711	0.666666666666667
1671	2.5791542507711	0.666666666666667
1672	1.82367432945404	0.75
1673	1.82367432945404	0.75
1674	1.82367432945404	0.75
1675	2.21878424216178	0.75
1676	2.21878424216178	0.75
1677	2.21878424216178	0.75
1678	0.577667236198642	0.833333333333333
1679	0.577667236198642	0.833333333333333
1680	0.577667236198642	0.833333333333333
1681	2.5361174453145	0.583333333333333
1682	2.5361174453145	0.583333333333333
1683	2.5361174453145	0.583333333333333
1684	1.82367432945404	0.75
1685	1.82367432945404	0.75
1686	1.82367432945404	0.75
1687	2.21878424216178	0.666666666666667
1688	2.21878424216178	0.666666666666667
1689	2.21878424216178	0.666666666666667
1690	0.577667236198642	0.833333333333333
1691	0.577667236198642	0.833333333333333
1692	0.577667236198642	0.833333333333333
1693	2.47042429382762	0.75
1694	2.47042429382762	0.75
1695	2.47042429382762	0.75
1696	1.82367432945404	0.833333333333333
1697	1.82367432945404	0.833333333333333
1698	1.82367432945404	0.833333333333333
1699	2.21878424216178	0.75
1700	2.21878424216178	0.75
1701	2.21878424216178	0.75
1702	0.577667236198642	0.833333333333333
1703	0.577667236198642	0.833333333333333
1704	0.577667236198642	0.833333333333333
1705	2.5361174453145	0.666666666666667
1706	2.5361174453145	0.666666666666667
1707	2.5361174453145	0.666666666666667
1708	1.82367432945404	0.75
1709	1.82367432945404	0.75
1710	1.82367432945404	0.75
1711	2.21878424216178	0.75
1712	2.21878424216178	0.75
1713	2.21878424216178	0.75
1714	0.577667236198642	0.833333333333333
1715	0.577667236198642	0.833333333333333
1716	0.577667236198642	0.833333333333333
1717	2.47042429382762	0.833333333333333
1718	2.47042429382762	0.833333333333333
1719	2.47042429382762	0.833333333333333
1720	1.82367432945404	0.833333333333333
1721	1.82367432945404	0.833333333333333
1722	1.82367432945404	0.833333333333333
1723	2.21878424216178	0.833333333333333
1724	2.21878424216178	0.833333333333333
1725	2.21878424216178	0.833333333333333
1726	0.577667236198642	0.833333333333333
1727	0.577667236198642	0.833333333333333
1728	0.577667236198642	0.833333333333333
1729	1.07281312446978	0.5
1730	1.07281312446978	0.5
1731	1.07281312446978	0.5
1732	0.360370008609313	0.833333333333333
1733	0.360370008609313	0.833333333333333
1734	0.360370008609313	0.833333333333333
1735	0.755479921317055	0.666666666666667
1736	0.755479921317055	0.666666666666667
1737	0.755479921317055	0.666666666666667
1738	0	1
1739	0	1
1740	0	1
1741	1.0071199729829	0.666666666666667
1742	1.0071199729829	0.666666666666667
1743	1.0071199729829	0.666666666666667
1744	0.360370008609313	0.916666666666667
1745	0.360370008609313	0.916666666666667
1746	0.360370008609313	0.916666666666667
1747	0.755479921317055	0.75
1748	0.755479921317055	0.75
1749	0.755479921317055	0.75
1750	0	1
1751	0	1
1752	0	1
1753	1.07281312446978	0.583333333333333
1754	1.07281312446978	0.583333333333333
1755	1.07281312446978	0.583333333333333
1756	0.360370008609313	0.833333333333333
1757	0.360370008609313	0.833333333333333
1758	0.360370008609313	0.833333333333333
1759	0.755479921317055	0.75
1760	0.755479921317055	0.75
1761	0.755479921317055	0.75
1762	0	1
1763	0	1
1764	0	1
1765	1.0071199729829	0.75
1766	1.0071199729829	0.75
1767	1.0071199729829	0.75
1768	0.360370008609313	0.916666666666667
1769	0.360370008609313	0.916666666666667
1770	0.360370008609313	0.916666666666667
1771	0.755479921317055	0.833333333333333
1772	0.755479921317055	0.833333333333333
1773	0.755479921317055	0.833333333333333
1774	0	1
1775	0	1
1776	0	1
1777	0.964083167526306	0.666666666666667
1778	0.964083167526306	0.666666666666667
1779	0.964083167526306	0.666666666666667
1780	0.317333203152722	0.916666666666667
1781	0.317333203152722	0.916666666666667
1782	0.317333203152722	0.916666666666667
1783	0.712443115860464	0.75
1784	0.712443115860464	0.75
1785	0.712443115860464	0.75
1786	0	1
1787	0	1
1788	0	1
1789	0.858246118498843	0.833333333333333
1790	0.858246118498843	0.833333333333333
1791	0.858246118498843	0.833333333333333
1792	0.251640051665842	1
1793	0.251640051665842	1
1794	0.251640051665842	1
1795	0.606606066833001	0.833333333333333
1796	0.606606066833001	0.833333333333333
1797	0.606606066833001	0.833333333333333
1798	0	1
1799	0	1
1800	0	1
1801	0.964083167526306	0.75
1802	0.964083167526306	0.75
1803	0.964083167526306	0.75
1804	0.317333203152722	0.916666666666667
1805	0.317333203152722	0.916666666666667
1806	0.317333203152722	0.916666666666667
1807	0.712443115860464	0.833333333333333
1808	0.712443115860464	0.833333333333333
1809	0.712443115860464	0.833333333333333
1810	0	1
1811	0	1
1812	0	1
1813	0.858246118498843	0.916666666666667
1814	0.858246118498843	0.916666666666667
1815	0.858246118498843	0.916666666666667
1816	0.251640051665842	1
1817	0.251640051665842	1
1818	0.251640051665842	1
1819	0.606606066833001	0.916666666666667
1820	0.606606066833001	0.916666666666667
1821	0.606606066833001	0.916666666666667
1822	0	1
1823	0	1
1824	0	1
1825	1.07281312446978	0.583333333333333
1826	1.07281312446978	0.583333333333333
1827	1.07281312446978	0.583333333333333
1828	0.360370008609313	0.833333333333333
1829	0.360370008609313	0.833333333333333
1830	0.360370008609313	0.833333333333333
1831	0.755479921317055	0.75
1832	0.755479921317055	0.75
1833	0.755479921317055	0.75
1834	0	1
1835	0	1
1836	0	1
1837	1.0071199729829	0.75
1838	1.0071199729829	0.75
1839	1.0071199729829	0.75
1840	0.360370008609313	0.916666666666667
1841	0.360370008609313	0.916666666666667
1842	0.360370008609313	0.916666666666667
1843	0.755479921317055	0.833333333333333
1844	0.755479921317055	0.833333333333333
1845	0.755479921317055	0.833333333333333
1846	0	1
1847	0	1
1848	0	1
1849	1.07281312446978	0.666666666666667
1850	1.07281312446978	0.666666666666667
1851	1.07281312446978	0.666666666666667
1852	0.360370008609313	0.833333333333333
1853	0.360370008609313	0.833333333333333
1854	0.360370008609313	0.833333333333333
1855	0.755479921317055	0.833333333333333
1856	0.755479921317055	0.833333333333333
1857	0.755479921317055	0.833333333333333
1858	0	1
1859	0	1
1860	0	1
1861	1.0071199729829	0.833333333333333
1862	1.0071199729829	0.833333333333333
1863	1.0071199729829	0.833333333333333
1864	0.360370008609313	0.916666666666667
1865	0.360370008609313	0.916666666666667
1866	0.360370008609313	0.916666666666667
1867	0.755479921317055	0.916666666666667
1868	0.755479921317055	0.916666666666667
1869	0.755479921317055	0.916666666666667
1870	0	1
1871	0	1
1872	0	1
1873	0.964083167526306	0.75
1874	0.964083167526306	0.75
1875	0.964083167526306	0.75
1876	0.317333203152722	0.916666666666667
1877	0.317333203152722	0.916666666666667
1878	0.317333203152722	0.916666666666667
1879	0.712443115860464	0.833333333333333
1880	0.712443115860464	0.833333333333333
1881	0.712443115860464	0.833333333333333
1882	0	1
1883	0	1
1884	0	1
1885	0.800058727347256	0.916666666666667
1886	0.800058727347256	0.916666666666667
1887	0.800058727347256	0.916666666666667
1888	0.251640051665842	1
1889	0.251640051665842	1
1890	0.251640051665842	1
1891	0.548418675681414	0.916666666666667
1892	0.548418675681414	0.916666666666667
1893	0.548418675681414	0.916666666666667
1894	0	1
1895	0	1
1896	0	1
1897	0.93312655667097	0.833333333333333
1898	0.93312655667097	0.833333333333333
1899	0.93312655667097	0.833333333333333
1900	0.317333203152722	0.916666666666667
1901	0.317333203152722	0.916666666666667
1902	0.317333203152722	0.916666666666667
1903	0.681486505005128	0.916666666666667
1904	0.681486505005128	0.916666666666667
1905	0.681486505005128	0.916666666666667
1906	0	1
1907	0	1
1908	0	1
1909	0.508626560011434	1
1910	0.508626560011434	1
1911	0.508626560011434	1
1912	0.251640051665842	1
1913	0.251640051665842	1
1914	0.251640051665842	1
1915	0.508626560011434	1
1916	0.508626560011434	1
1917	0.508626560011434	1
1918	0	1
1919	0	1
1920	0	1
1921	2.5791542507711	0.333333333333333
1922	2.5791542507711	0.333333333333333
1923	2.5791542507711	0.333333333333333
1924	1.82367432945404	0.666666666666667
1925	1.82367432945404	0.666666666666667
1926	1.82367432945404	0.666666666666667
1927	2.21878424216178	0.5
1928	2.21878424216178	0.5
1929	2.21878424216178	0.5
1930	0.577667236198642	0.833333333333333
1931	0.577667236198642	0.833333333333333
1932	0.577667236198642	0.833333333333333
1933	2.5791542507711	0.5
1934	2.5791542507711	0.5
1935	2.5791542507711	0.5
1936	1.82367432945404	0.75
1937	1.82367432945404	0.75
1938	1.82367432945404	0.75
1939	2.21878424216178	0.583333333333333
1940	2.21878424216178	0.583333333333333
1941	2.21878424216178	0.583333333333333
1942	0.577667236198642	0.833333333333333
1943	0.577667236198642	0.833333333333333
1944	0.577667236198642	0.833333333333333
1945	2.5791542507711	0.416666666666667
1946	2.5791542507711	0.416666666666667
1947	2.5791542507711	0.416666666666667
1948	1.82367432945404	0.666666666666667
1949	1.82367432945404	0.666666666666667
1950	1.82367432945404	0.666666666666667
1951	2.21878424216178	0.583333333333333
1952	2.21878424216178	0.583333333333333
1953	2.21878424216178	0.583333333333333
1954	0.577667236198642	0.833333333333333
1955	0.577667236198642	0.833333333333333
1956	0.577667236198642	0.833333333333333
1957	2.5791542507711	0.583333333333333
1958	2.5791542507711	0.583333333333333
1959	2.5791542507711	0.583333333333333
1960	1.82367432945404	0.75
1961	1.82367432945404	0.75
1962	1.82367432945404	0.75
1963	2.21878424216178	0.666666666666667
1964	2.21878424216178	0.666666666666667
1965	2.21878424216178	0.666666666666667
1966	0.577667236198642	0.833333333333333
1967	0.577667236198642	0.833333333333333
1968	0.577667236198642	0.833333333333333
1969	2.5361174453145	0.5
1970	2.5361174453145	0.5
1971	2.5361174453145	0.5
1972	1.82367432945404	0.75
1973	1.82367432945404	0.75
1974	1.82367432945404	0.75
1975	2.21878424216178	0.583333333333333
1976	2.21878424216178	0.583333333333333
1977	2.21878424216178	0.583333333333333
1978	0.577667236198642	0.833333333333333
1979	0.577667236198642	0.833333333333333
1980	0.577667236198642	0.833333333333333
1981	2.47042429382762	0.666666666666667
1982	2.47042429382762	0.666666666666667
1983	2.47042429382762	0.666666666666667
1984	1.82367432945404	0.833333333333333
1985	1.82367432945404	0.833333333333333
1986	1.82367432945404	0.833333333333333
1987	2.21878424216178	0.666666666666667
1988	2.21878424216178	0.666666666666667
1989	2.21878424216178	0.666666666666667
1990	0.577667236198642	0.833333333333333
1991	0.577667236198642	0.833333333333333
1992	0.577667236198642	0.833333333333333
1993	2.5361174453145	0.583333333333333
1994	2.5361174453145	0.583333333333333
1995	2.5361174453145	0.583333333333333
1996	1.82367432945404	0.75
1997	1.82367432945404	0.75
1998	1.82367432945404	0.75
1999	2.21878424216178	0.666666666666667
2000	2.21878424216178	0.666666666666667
2001	2.21878424216178	0.666666666666667
2002	0.577667236198642	0.833333333333333
2003	0.577667236198642	0.833333333333333
2004	0.577667236198642	0.833333333333333
2005	2.47042429382762	0.75
2006	2.47042429382762	0.75
2007	2.47042429382762	0.75
2008	1.82367432945404	0.833333333333333
2009	1.82367432945404	0.833333333333333
2010	1.82367432945404	0.833333333333333
2011	2.21878424216178	0.75
2012	2.21878424216178	0.75
2013	2.21878424216178	0.75
2014	0.577667236198642	0.833333333333333
2015	0.577667236198642	0.833333333333333
2016	0.577667236198642	0.833333333333333
2017	2.5791542507711	0.416666666666667
2018	2.5791542507711	0.416666666666667
2019	2.5791542507711	0.416666666666667
2020	1.82367432945404	0.666666666666667
2021	1.82367432945404	0.666666666666667
2022	1.82367432945404	0.666666666666667
2023	2.21878424216178	0.583333333333333
2024	2.21878424216178	0.583333333333333
2025	2.21878424216178	0.583333333333333
2026	0.577667236198642	0.833333333333333
2027	0.577667236198642	0.833333333333333
2028	0.577667236198642	0.833333333333333
2029	2.5791542507711	0.583333333333333
2030	2.5791542507711	0.583333333333333
2031	2.5791542507711	0.583333333333333
2032	1.82367432945404	0.75
2033	1.82367432945404	0.75
2034	1.82367432945404	0.75
2035	2.21878424216178	0.666666666666667
2036	2.21878424216178	0.666666666666667
2037	2.21878424216178	0.666666666666667
2038	0.577667236198642	0.833333333333333
2039	0.577667236198642	0.833333333333333
2040	0.577667236198642	0.833333333333333
2041	2.5791542507711	0.5
2042	2.5791542507711	0.5
2043	2.5791542507711	0.5
2044	1.82367432945404	0.666666666666667
2045	1.82367432945404	0.666666666666667
2046	1.82367432945404	0.666666666666667
2047	2.21878424216178	0.666666666666667
2048	2.21878424216178	0.666666666666667
2049	2.21878424216178	0.666666666666667
2050	0.577667236198642	0.833333333333333
2051	0.577667236198642	0.833333333333333
2052	0.577667236198642	0.833333333333333
2053	2.5791542507711	0.666666666666667
2054	2.5791542507711	0.666666666666667
2055	2.5791542507711	0.666666666666667
2056	1.82367432945404	0.75
2057	1.82367432945404	0.75
2058	1.82367432945404	0.75
2059	2.21878424216178	0.75
2060	2.21878424216178	0.75
2061	2.21878424216178	0.75
2062	0.577667236198642	0.833333333333333
2063	0.577667236198642	0.833333333333333
2064	0.577667236198642	0.833333333333333
2065	2.5361174453145	0.583333333333333
2066	2.5361174453145	0.583333333333333
2067	2.5361174453145	0.583333333333333
2068	1.82367432945404	0.75
2069	1.82367432945404	0.75
2070	1.82367432945404	0.75
2071	2.21878424216178	0.666666666666667
2072	2.21878424216178	0.666666666666667
2073	2.21878424216178	0.666666666666667
2074	0.577667236198642	0.833333333333333
2075	0.577667236198642	0.833333333333333
2076	0.577667236198642	0.833333333333333
2077	2.47042429382762	0.75
2078	2.47042429382762	0.75
2079	2.47042429382762	0.75
2080	1.82367432945404	0.833333333333333
2081	1.82367432945404	0.833333333333333
2082	1.82367432945404	0.833333333333333
2083	2.21878424216178	0.75
2084	2.21878424216178	0.75
2085	2.21878424216178	0.75
2086	0.577667236198642	0.833333333333333
2087	0.577667236198642	0.833333333333333
2088	0.577667236198642	0.833333333333333
2089	2.5361174453145	0.666666666666667
2090	2.5361174453145	0.666666666666667
2091	2.5361174453145	0.666666666666667
2092	1.82367432945404	0.75
2093	1.82367432945404	0.75
2094	1.82367432945404	0.75
2095	2.21878424216178	0.75
2096	2.21878424216178	0.75
2097	2.21878424216178	0.75
2098	0.577667236198642	0.833333333333333
2099	0.577667236198642	0.833333333333333
2100	0.577667236198642	0.833333333333333
2101	2.21878424216178	0.833333333333333
2102	2.21878424216178	0.833333333333333
2103	2.21878424216178	0.833333333333333
2104	1.82367432945404	0.833333333333333
2105	1.82367432945404	0.833333333333333
2106	1.82367432945404	0.833333333333333
2107	2.21878424216178	0.833333333333333
2108	2.21878424216178	0.833333333333333
2109	2.21878424216178	0.833333333333333
2110	0.577667236198642	0.833333333333333
2111	0.577667236198642	0.833333333333333
2112	0.577667236198642	0.833333333333333
2113	1.07281312446978	0.5
2114	1.07281312446978	0.5
2115	1.07281312446978	0.5
2116	0.360370008609313	0.833333333333333
2117	0.360370008609313	0.833333333333333
2118	0.360370008609313	0.833333333333333
2119	0.755479921317055	0.666666666666667
2120	0.755479921317055	0.666666666666667
2121	0.755479921317055	0.666666666666667
2122	0	1
2123	0	1
2124	0	1
2125	1.0071199729829	0.666666666666667
2126	1.0071199729829	0.666666666666667
2127	1.0071199729829	0.666666666666667
2128	0.360370008609313	0.916666666666667
2129	0.360370008609313	0.916666666666667
2130	0.360370008609313	0.916666666666667
2131	0.755479921317055	0.75
2132	0.755479921317055	0.75
2133	0.755479921317055	0.75
2134	0	1
2135	0	1
2136	0	1
2137	1.07281312446978	0.583333333333333
2138	1.07281312446978	0.583333333333333
2139	1.07281312446978	0.583333333333333
2140	0.360370008609313	0.833333333333333
2141	0.360370008609313	0.833333333333333
2142	0.360370008609313	0.833333333333333
2143	0.755479921317055	0.75
2144	0.755479921317055	0.75
2145	0.755479921317055	0.75
2146	0	1
2147	0	1
2148	0	1
2149	1.0071199729829	0.75
2150	1.0071199729829	0.75
2151	1.0071199729829	0.75
2152	0.360370008609313	0.916666666666667
2153	0.360370008609313	0.916666666666667
2154	0.360370008609313	0.916666666666667
2155	0.755479921317055	0.833333333333333
2156	0.755479921317055	0.833333333333333
2157	0.755479921317055	0.833333333333333
2158	0	1
2159	0	1
2160	0	1
2161	0.964083167526306	0.666666666666667
2162	0.964083167526306	0.666666666666667
2163	0.964083167526306	0.666666666666667
2164	0.317333203152722	0.916666666666667
2165	0.317333203152722	0.916666666666667
2166	0.317333203152722	0.916666666666667
2167	0.712443115860464	0.75
2168	0.712443115860464	0.75
2169	0.712443115860464	0.75
2170	0	1
2171	0	1
2172	0	1
2173	0.858246118498843	0.833333333333333
2174	0.858246118498843	0.833333333333333
2175	0.858246118498843	0.833333333333333
2176	0.251640051665842	1
2177	0.251640051665842	1
2178	0.251640051665842	1
2179	0.606606066833001	0.833333333333333
2180	0.606606066833001	0.833333333333333
2181	0.606606066833001	0.833333333333333
2182	0	1
2183	0	1
2184	0	1
2185	0.964083167526306	0.75
2186	0.964083167526306	0.75
2187	0.964083167526306	0.75
2188	0.317333203152722	0.916666666666667
2189	0.317333203152722	0.916666666666667
2190	0.317333203152722	0.916666666666667
2191	0.712443115860464	0.833333333333333
2192	0.712443115860464	0.833333333333333
2193	0.712443115860464	0.833333333333333
2194	0	1
2195	0	1
2196	0	1
2197	0.606606066833001	0.916666666666667
2198	0.606606066833001	0.916666666666667
2199	0.606606066833001	0.916666666666667
2200	0.251640051665842	1
2201	0.251640051665842	1
2202	0.251640051665842	1
2203	0.606606066833001	0.916666666666667
2204	0.606606066833001	0.916666666666667
2205	0.606606066833001	0.916666666666667
2206	0	1
2207	0	1
2208	0	1
2209	1.07281312446978	0.583333333333333
2210	1.07281312446978	0.583333333333333
2211	1.07281312446978	0.583333333333333
2212	0.360370008609313	0.833333333333333
2213	0.360370008609313	0.833333333333333
2214	0.360370008609313	0.833333333333333
2215	0.755479921317055	0.75
2216	0.755479921317055	0.75
2217	0.755479921317055	0.75
2218	0	1
2219	0	1
2220	0	1
2221	1.0071199729829	0.75
2222	1.0071199729829	0.75
2223	1.0071199729829	0.75
2224	0.360370008609313	0.916666666666667
2225	0.360370008609313	0.916666666666667
2226	0.360370008609313	0.916666666666667
2227	0.755479921317055	0.833333333333333
2228	0.755479921317055	0.833333333333333
2229	0.755479921317055	0.833333333333333
2230	0	1
2231	0	1
2232	0	1
2233	1.07281312446978	0.666666666666667
2234	1.07281312446978	0.666666666666667
2235	1.07281312446978	0.666666666666667
2236	0.360370008609313	0.833333333333333
2237	0.360370008609313	0.833333333333333
2238	0.360370008609313	0.833333333333333
2239	0.755479921317055	0.833333333333333
2240	0.755479921317055	0.833333333333333
2241	0.755479921317055	0.833333333333333
2242	0	1
2243	0	1
2244	0	1
2245	0.755479921317055	0.833333333333333
2246	0.755479921317055	0.833333333333333
2247	0.755479921317055	0.833333333333333
2248	0.360370008609313	0.916666666666667
2249	0.360370008609313	0.916666666666667
2250	0.360370008609313	0.916666666666667
2251	0.755479921317055	0.916666666666667
2252	0.755479921317055	0.916666666666667
2253	0.755479921317055	0.916666666666667
2254	0	1
2255	0	1
2256	0	1
2257	0.964083167526306	0.75
2258	0.964083167526306	0.75
2259	0.964083167526306	0.75
2260	0.317333203152722	0.916666666666667
2261	0.317333203152722	0.916666666666667
2262	0.317333203152722	0.916666666666667
2263	0.712443115860464	0.833333333333333
2264	0.712443115860464	0.833333333333333
2265	0.712443115860464	0.833333333333333
2266	0	1
2267	0	1
2268	0	1
2269	0.548418675681414	0.916666666666667
2270	0.548418675681414	0.916666666666667
2271	0.548418675681414	0.916666666666667
2272	0.251640051665842	1
2273	0.251640051665842	1
2274	0.251640051665842	1
2275	0.548418675681414	0.916666666666667
2276	0.548418675681414	0.916666666666667
2277	0.548418675681414	0.916666666666667
2278	0	1
2279	0	1
2280	0	1
2281	0.650529894149793	0.833333333333333
2282	0.650529894149793	0.833333333333333
2283	0.650529894149793	0.833333333333333
2284	0.317333203152722	0.916666666666667
2285	0.317333203152722	0.916666666666667
2286	0.317333203152722	0.916666666666667
2287	0.650529894149793	0.916666666666667
2288	0.650529894149793	0.916666666666667
2289	0.650529894149793	0.916666666666667
2290	0	1
2291	0	1
2292	0	1
2293	0	1
2294	0	1
2295	0	1
2296	0	1
2297	0	1
2298	0	1
2299	0	1
2300	0	1
2301	0	1
2302	0	1
2303	0	1
2304	0	1
